player_id,player_role,prefix_name,prefix_bonus,prefix_prob,effective_bonus
10366616,Support,Balanced,13,0.24415469346683738,0.03174011015068886
10366616,Support,Bestial,20,0.13838901413147747,0.02767780282629549
10366616,Support,Brawny,13,0.12611234795851936,0.016394605234607517
10366616,Support,Canny,13,0.6198150968077379,0.08057596258500593
10366616,Support,Cerulean,20,0.1229377854385226,0.02458755708770452
10366616,Support,Clutch,17,0.10741373856138982,0.01826033555543627
10366616,Support,Coveted (Overall),10,0.014364358972504777,0.0014364358972504777
10366616,Support,Coveted (Team),10,0.07856664036121064,0.007856664036121064
10366616,Support,Crimson,19,0.33329678045663397,0.06332638828676046
10366616,Support,Dashing,13,0.009917861766905362,0.001289322029697697
10366616,Support,Elemental,20,0.1410633255805802,0.028212665116116042
10366616,Support,Emerald,22,0.28538063349241516,0.06278373936833134
10366616,Support,Glamorous,22,0.05905689668535214,0.01299251727077747
10366616,Support,Hirsute,15,0.29767644550319955,0.04465146682547993
10366616,Support,Otherworldly,19,0.2678411108603818,0.05088981106347254
10366616,Support,Sacrificial (Overall),20,0.05390153882270668,0.010780307764541334
10366616,Support,Sacrificial (Team),20,0.144978914807992,0.028995782961598396
10366616,Support,Virtuoso,18,0,0
16497807,Support,Balanced,13,0.35069509994747944,0.04559036299317233
16497807,Support,Bestial,20,0.1676507442363469,0.033530148847269375
16497807,Support,Brawny,13,0.0602183521251037,0.00782838577626348
16497807,Support,Canny,13,0.5890865479274169,0.0765812512305642
16497807,Support,Cerulean,20,0.2366830275880503,0.04733660551761006
16497807,Support,Clutch,17,0.10478626209531408,0.017813664556203396
16497807,Support,Coveted (Overall),10,0.021075691503105048,0.002107569150310505
16497807,Support,Coveted (Team),10,0.059683201344292267,0.005968320134429227
16497807,Support,Crimson,19,0.2061154162835608,0.03916192909387656
16497807,Support,Dashing,13,0,0
16497807,Support,Elemental,20,0.12839636568610588,0.025679273137221178
16497807,Support,Emerald,22,0.33905007388584363,0.0745910162548856
16497807,Support,Glamorous,22,0,0
16497807,Support,Hirsute,15,0.18488932167092487,0.02773339825063873
16497807,Support,Otherworldly,19,0.3201485061691513,0.060828216172138745
16497807,Support,Sacrificial (Overall),20,0.11432807743955796,0.022865615487911592
16497807,Support,Sacrificial (Team),20,0.14606747458139152,0.029213494916278303
16497807,Support,Virtuoso,18,0.028005471891406758,0.005040984940453217
25907144,Support,Balanced,13,0.399804638159598,0.05197460296074774
25907144,Support,Bestial,20,0.21905198515233149,0.043810397030466304
25907144,Support,Brawny,13,0.12827996627490337,0.016676395615737437
25907144,Support,Canny,13,0.38767497663738326,0.05039774696285982
25907144,Support,Cerulean,20,0.04121427506533581,0.008242855013067162
25907144,Support,Clutch,17,0.1006577164732735,0.017111811800456497
25907144,Support,Coveted (Overall),10,0,0
25907144,Support,Coveted (Team),10,0.027922603180083303,0.0027922603180083306
25907144,Support,Crimson,19,0.07318745660473558,0.013905616754899758
25907144,Support,Dashing,13,0.08424041892811535,0.010951254460654996
25907144,Support,Elemental,20,0.13312580521728584,0.02662516104345717
25907144,Support,Emerald,22,0.5280682913125311,0.11617502408875684
25907144,Support,Glamorous,22,0,0
25907144,Support,Hirsute,15,0.27879015792288436,0.041818523688432654
25907144,Support,Otherworldly,19,0.4161394456482923,0.07906649467317553
25907144,Support,Sacrificial (Overall),20,0.041434713530836706,0.008286942706167342
25907144,Support,Sacrificial (Team),20,0.09856069340460809,0.01971213868092162
25907144,Support,Virtuoso,18,0.21183182151230037,0.03812972787221407
54580962,Support,Balanced,13,0.26417653192164936,0.034342949149814415
54580962,Support,Bestial,20,0.14728340892180755,0.02945668178436151
54580962,Support,Brawny,13,0.16084309344940736,0.020909602148422957
54580962,Support,Canny,13,0.5749803746289434,0.07474744870176264
54580962,Support,Cerulean,20,0.41441970934717676,0.08288394186943535
54580962,Support,Clutch,17,0.045114645628464366,0.007669489756838942
54580962,Support,Coveted (Overall),10,0.009115181079268815,9.115181079268815e-4
54580962,Support,Coveted (Team),10,0.11667910770174143,0.011667910770174143
54580962,Support,Crimson,19,0.1368077263095385,0.025993467998812317
54580962,Support,Dashing,13,0,0
54580962,Support,Elemental,20,0.2562604840625593,0.05125209681251186
54580962,Support,Emerald,22,0.3583673173728355,0.07884080982202381
54580962,Support,Glamorous,22,0.12527340508240453,0.027560149118129
54580962,Support,Hirsute,15,0.105210774713077,0.015781616206961547
54580962,Support,Otherworldly,19,0.23254960186896984,0.044184424355104265
54580962,Support,Sacrificial (Overall),20,0.13764051719070133,0.02752810343814027
54580962,Support,Sacrificial (Team),20,0.26437891159312465,0.052875782318624935
54580962,Support,Virtuoso,18,0.12255977739263134,0.02206075993067364
73562326,Core,Balanced,13,0.4505211931389005,0.05856775510805706
73562326,Core,Bestial,20,0.22504534597393328,0.04500906919478665
73562326,Core,Brawny,13,0.4940921426286012,0.06423197854171815
73562326,Core,Canny,13,0.007547675492696317,9.811978140505213e-4
73562326,Core,Cerulean,20,0.1925156377998212,0.03850312755996424
73562326,Core,Clutch,17,0.045114645628464366,0.007669489756838942
73562326,Core,Coveted (Overall),10,0.072212713755426,0.007221271375542599
73562326,Core,Coveted (Team),10,0.14415264676739065,0.014415264676739063
73562326,Core,Crimson,19,0.2917195042459288,0.05542670580672647
73562326,Core,Dashing,13,0.04783898873980204,0.006219068536174265
73562326,Core,Elemental,20,0.205493429288837,0.041098685857767395
73562326,Core,Emerald,22,0.15032331524623782,0.03307112935417232
73562326,Core,Glamorous,22,0.024470231020580786,0.005383450824527772
73562326,Core,Hirsute,15,0.36676231785890206,0.055014347678835306
73562326,Core,Otherworldly,19,0.12409698490495479,0.023578427131941408
73562326,Core,Sacrificial (Overall),20,0.12627353018034154,0.025254706036068306
73562326,Core,Sacrificial (Team),20,0.22390158964538523,0.044780317929077045
73562326,Core,Virtuoso,18,0,0
77490514,Support,Balanced,13,0.3407459513257465,0.04429697367234704
77490514,Support,Bestial,20,0.3062084446048186,0.06124168892096372
77490514,Support,Brawny,13,0.1784435132659112,0.023197656724568458
77490514,Support,Canny,13,0.48081053540834234,0.0625053696030845
77490514,Support,Cerulean,20,0.08613730674847865,0.01722746134969573
77490514,Support,Clutch,17,0.045114645628464366,0.007669489756838942
77490514,Support,Coveted (Overall),10,0.03049710525566627,0.003049710525566627
77490514,Support,Coveted (Team),10,0.10921063900790272,0.01092106390079027
77490514,Support,Crimson,19,0.21839126490375615,0.041494340331713675
77490514,Support,Dashing,13,0,0
77490514,Support,Elemental,20,0.11642822984806814,0.023285645969613626
77490514,Support,Emerald,22,0.437808869931782,0.09631795138499204
77490514,Support,Glamorous,22,0.023054357170844343,0.005071958577585756
77490514,Support,Hirsute,15,0.2573793762518591,0.03860690643777886
77490514,Support,Otherworldly,19,0.21656393950074018,0.04114714850514064
77490514,Support,Sacrificial (Overall),20,0.06451401231674254,0.012902802463348509
77490514,Support,Sacrificial (Team),20,0.1721806500210144,0.034436130004202876
77490514,Support,Virtuoso,18,0,0
81306398,Support,Balanced,13,0.19459766672889933,0.025297696674756915
81306398,Support,Bestial,20,0.12851875799253898,0.025703751598507796
81306398,Support,Brawny,13,0.28618326796629395,0.03720382483561822
81306398,Support,Canny,13,0.5192190653048067,0.06749847848962487
81306398,Support,Cerulean,20,0.015585118426964372,0.0031170236853928744
81306398,Support,Clutch,17,0.09176009307999673,0.015599215823599443
81306398,Support,Coveted (Overall),10,0,0
81306398,Support,Coveted (Team),10,0,0
81306398,Support,Crimson,19,0.21480684933016095,0.04081330137273058
81306398,Support,Dashing,13,0,0
81306398,Support,Elemental,20,0.05399879635509514,0.01079975927101903
81306398,Support,Emerald,22,0.6210778270539643,0.13663712195187214
81306398,Support,Glamorous,22,0,0
81306398,Support,Hirsute,15,0.34017342495832126,0.05102601374374819
81306398,Support,Otherworldly,19,0.4114976881954261,0.07818456075713096
81306398,Support,Sacrificial (Overall),20,0.04040648810050637,0.008081297620101274
81306398,Support,Sacrificial (Team),20,0.2670689281252867,0.053413785625057345
81306398,Support,Virtuoso,18,0,0
81475303,Support,Balanced,13,0.2739633782331587,0.03561523917031063
81475303,Support,Bestial,20,0.15822539882800288,0.031645079765600576
81475303,Support,Brawny,13,0.0714219628082912,0.009284855165077856
81475303,Support,Canny,13,0.3537576352441236,0.045988492581736075
81475303,Support,Cerulean,20,0.1714215752752734,0.034284315055054686
81475303,Support,Clutch,17,0.05542382087713056,0.009422049549112195
81475303,Support,Coveted (Overall),10,0.03856626539134902,0.003856626539134902
81475303,Support,Coveted (Team),10,0.09676398711941908,0.009676398711941907
81475303,Support,Crimson,19,0.13460544450184744,0.025575034455351014
81475303,Support,Dashing,13,0.3008570237144264,0.03911141308287543
81475303,Support,Elemental,20,0.278943473786199,0.055788694757239805
81475303,Support,Emerald,22,0.39738833023672704,0.08742543265207996
81475303,Support,Glamorous,22,0.06026972520251989,0.013259339544554376
81475303,Support,Hirsute,15,0.16399252487683727,0.024598878731525588
81475303,Support,Otherworldly,19,0.21078190726254745,0.040048562379884016
81475303,Support,Sacrificial (Overall),20,0.20571675807655943,0.041143351615311886
81475303,Support,Sacrificial (Team),20,0.28358996719594093,0.05671799343918819
81475303,Support,Virtuoso,18,0.14221726882074542,0.025599108387734177
84429681,Core,Balanced,13,0.44380397283710066,0.057694516468823086
84429681,Core,Bestial,20,0.3468199785904727,0.06936399571809454
84429681,Core,Brawny,13,0.49074056303142166,0.06379627319408482
84429681,Core,Canny,13,0.05193412066640292,0.0067514356866323795
84429681,Core,Cerulean,20,0.17830593325868274,0.035661186651736544
84429681,Core,Clutch,17,0.05542382087713056,0.009422049549112195
84429681,Core,Coveted (Overall),10,0.13904853820399776,0.013904853820399776
84429681,Core,Coveted (Team),10,0.2423570414611139,0.02423570414611139
84429681,Core,Crimson,19,0.4705268949592456,0.08940011004225668
84429681,Core,Dashing,13,0.013521343465074666,0.0017577746504597066
84429681,Core,Elemental,20,0.34676902898024614,0.06935380579604923
84429681,Core,Emerald,22,0.10347752911029731,0.022765056404265408
84429681,Core,Glamorous,22,0,0
84429681,Core,Hirsute,15,0.5441512919594025,0.08162269379391038
84429681,Core,Otherworldly,19,0.10119874393484858,0.01922776134762123
84429681,Core,Sacrificial (Overall),20,0.07201986915034626,0.014403973830069252
84429681,Core,Sacrificial (Team),20,0.19276346142991327,0.038552692285982654
84429681,Core,Virtuoso,18,0,0
84853828,Support,Balanced,13,0.15009375538925385,0.019512188200603
84853828,Support,Bestial,20,0.23501785555915986,0.047003571111831975
84853828,Support,Brawny,13,0.5059332688061371,0.06577132494479782
84853828,Support,Canny,13,0.24274065973172465,0.031556285765124203
84853828,Support,Cerulean,20,0.007969662831970417,0.0015939325663940835
84853828,Support,Clutch,17,0.09176009307999673,0.015599215823599443
84853828,Support,Coveted (Overall),10,0,0
84853828,Support,Coveted (Team),10,0.06583584436383987,0.006583584436383987
84853828,Support,Crimson,19,0.10012386505038677,0.019023534359573487
84853828,Support,Dashing,13,0.10123231607288435,0.013160201089474965
84853828,Support,Elemental,20,0.366670273627781,0.0733340547255562
84853828,Support,Emerald,22,0.24116024143405815,0.05305525311549279
84853828,Support,Glamorous,22,0.007276990901883113,0.0016009379984142848
84853828,Support,Hirsute,15,0.41221547254788105,0.06183232088218215
84853828,Support,Otherworldly,19,0.2536498330517365,0.04819346827982993
84853828,Support,Sacrificial (Overall),20,0.03175903313313089,0.006351806626626178
84853828,Support,Sacrificial (Team),20,0.08875475674010455,0.01775095134802091
84853828,Support,Virtuoso,18,0.22902068624101246,0.041223723523382244
86698277,Core,Balanced,13,0.4815596125363526,0.06260274962972584
86698277,Core,Bestial,20,0.3043121653150408,0.060862433063008155
86698277,Core,Brawny,13,0.5061768077608818,0.06580298500891463
86698277,Core,Canny,13,0,0
86698277,Core,Cerulean,20,0.08488774444092763,0.016977548888185524
86698277,Core,Clutch,17,0.10741373856138982,0.01826033555543627
86698277,Core,Coveted (Overall),10,0.11242269100839447,0.011242269100839449
86698277,Core,Coveted (Team),10,0.28859721647859554,0.028859721647859552
86698277,Core,Crimson,19,0.3572524331245354,0.06787796229366173
86698277,Core,Dashing,13,0.012263579702765653,0.0015942653613595348
86698277,Core,Elemental,20,0.4919363691118075,0.09838727382236151
86698277,Core,Emerald,22,0.202024110595964,0.04444530433111209
86698277,Core,Glamorous,22,0,0
86698277,Core,Hirsute,15,0.31536236875115226,0.04730435531267283
86698277,Core,Otherworldly,19,0.1762142054845465,0.033480699042063834
86698277,Core,Sacrificial (Overall),20,0.0588495465099535,0.0117699093019907
86698277,Core,Sacrificial (Team),20,0.18827749961131401,0.0376554999222628
86698277,Core,Virtuoso,18,0.04461801773536061,0.0080312431923649091
86745912,Core,Balanced,13,0.017389291654760886,0.002260607915118915
86745912,Core,Bestial,20,0.12394047607346943,0.024788095214693887
86745912,Core,Brawny,13,0.23341666503078073,0.030344166454001495
86745912,Core,Canny,13,0.14079578307729682,0.018303451800048588
86745912,Core,Cerulean,20,0.2429671470517196,0.04859342941034392
86745912,Core,Clutch,17,0.1006577164732735,0.017111811800456497
86745912,Core,Coveted (Overall),10,0.2953642169050291,0.029536421690502915
86745912,Core,Coveted (Team),10,0.5081993493692183,0.05081993493692183
86745912,Core,Crimson,19,0.0810811111172282,0.015405411112273358
86745912,Core,Dashing,13,0.6083982602371616,0.079091773830831
86745912,Core,Elemental,20,0.10480263484882021,0.020960526969764044
86745912,Core,Emerald,22,0.24420162751868377,0.05372435805411043
86745912,Core,Glamorous,22,0.04257247286548649,0.009365944030407027
86745912,Core,Hirsute,15,0.09897241230627117,0.014845861845940675
86745912,Core,Otherworldly,19,0.26551008532413595,0.05044691621158583
86745912,Core,Sacrificial (Overall),20,0.06457738003795595,0.012915476007591188
86745912,Core,Sacrificial (Team),20,0.10821530434516559,0.02164306086903312
86745912,Core,Virtuoso,18,0.1386511175767623,0.024957201163817215
86822085,Core,Balanced,13,0.009559081868277412,0.0012426806428760637
86822085,Core,Bestial,20,0,0
86822085,Core,Brawny,13,0.22977553912673945,0.029870820086476128
86822085,Core,Canny,13,0.2118198413341269,0.0275365793734365
86822085,Core,Cerulean,20,0.33469160354055494,0.06693832070811098
86822085,Core,Clutch,17,0.09176009307999673,0.015599215823599443
86822085,Core,Coveted (Overall),10,0.16421449670378657,0.01642144967037866
86822085,Core,Coveted (Team),10,0.31556273595676726,0.031556273595676726
86822085,Core,Crimson,19,0.20304666176330305,0.03857886573502758
86822085,Core,Dashing,13,0.5488455376708562,0.0713499198972113
86822085,Core,Elemental,20,0.023401447286083486,0.004680289457216697
86822085,Core,Emerald,22,0.24888339703706008,0.054754347348153216
86822085,Core,Glamorous,22,0.022954670384108634,0.005050027484503899
86822085,Core,Hirsute,15,0.030231661285991744,0.0045347491928987614
86822085,Core,Otherworldly,19,0.2118198413341269,0.04024576985348412
86822085,Core,Sacrificial (Overall),20,0.027197533453502638,0.005439506690700527
86822085,Core,Sacrificial (Team),20,0.027197533453502638,0.005439506690700527
86822085,Core,Virtuoso,18,0,0
87063175,Support,Balanced,13,0.5080039457397687,0.06604051294616993
87063175,Support,Bestial,20,0.37347702981879644,0.07469540596375929
87063175,Support,Brawny,13,0.010100253874219431,0.001313033003648526
87063175,Support,Canny,13,0.45190668302523324,0.05874786879328032
87063175,Support,Cerulean,20,0.010100253874219431,0.0020200507748438863
87063175,Support,Clutch,17,0.05542382087713056,0.009422049549112195
87063175,Support,Coveted (Overall),10,0.008549474114580007,8.549474114580007e-4
87063175,Support,Coveted (Team),10,0.021518926009651624,0.0021518926009651625
87063175,Support,Crimson,19,0.3588346675032428,0.06817858682561613
87063175,Support,Dashing,13,0.029989117360778524,0.003898585256901208
87063175,Support,Elemental,20,0.1372100005163961,0.02744200010327922
87063175,Support,Emerald,22,0.25053534812324446,0.05511777658711378
87063175,Support,Glamorous,22,0,0
87063175,Support,Hirsute,15,0.07072449668037249,0.010608674502055875
87063175,Support,Otherworldly,19,0.24958784086865785,0.04742168976504499
87063175,Support,Sacrificial (Overall),20,0.16898531252183985,0.033797062504367974
87063175,Support,Sacrificial (Team),20,0.2797489037168134,0.05594978074336268
87063175,Support,Virtuoso,18,0,0
91730177,Support,Balanced,13,0.39497937493620744,0.05134731874170697
91730177,Support,Bestial,20,0.21031681396061053,0.04206336279212211
91730177,Support,Brawny,13,0.2303202620369345,0.029941634064801485
91730177,Support,Canny,13,0.37470036302685805,0.04871104719349154
91730177,Support,Cerulean,20,0.17569518287742406,0.03513903657548481
91730177,Support,Clutch,17,0.10478626209531408,0.017813664556203396
91730177,Support,Coveted (Overall),10,0,0
91730177,Support,Coveted (Team),10,0.03964512395008669,0.003964512395008669
91730177,Support,Crimson,19,0.31597130370826126,0.06003454770456964
91730177,Support,Dashing,13,0,0
91730177,Support,Elemental,20,0.10305581489556401,0.020611162979112804
91730177,Support,Emerald,22,0.4306033423155437,0.09473273530941961
91730177,Support,Glamorous,22,0,0
91730177,Support,Hirsute,15,0.18860943693225413,0.02829141553983812
91730177,Support,Otherworldly,19,0.2970105444675022,0.056432003448825416
91730177,Support,Sacrificial (Overall),20,0.09240309183070589,0.018480618366141177
91730177,Support,Sacrificial (Team),20,0.21619417715482886,0.043238835430965766
91730177,Support,Virtuoso,18,0,0
94049589,Support,Balanced,13,0.386961381055115,0.05030497953716496
94049589,Support,Bestial,20,0.16793382690951386,0.03358676538190277
94049589,Support,Brawny,13,0.2452596774974563,0.031883758074669324
94049589,Support,Canny,13,0.36777894144742873,0.04781126238816573
94049589,Support,Cerulean,20,0.18144838370255933,0.03628967674051187
94049589,Support,Clutch,17,0.10449297139018399,0.017763805136331277
94049589,Support,Coveted (Overall),10,0,0
94049589,Support,Coveted (Team),10,0.15234173900846365,0.015234173900846365
94049589,Support,Crimson,19,0.1733944611133349,0.03294494761153363
94049589,Support,Dashing,13,0,0
94049589,Support,Elemental,20,0.22270298880814,0.044540597761628
94049589,Support,Emerald,22,0.4480837097161136,0.098578416137545
94049589,Support,Glamorous,22,0.012026633273349881,0.002645859320136974
94049589,Support,Hirsute,15,0.12007825960252015,0.018011738940378025
94049589,Support,Otherworldly,19,0.23661048478829125,0.044955992109775335
94049589,Support,Sacrificial (Overall),20,0.21915240936612115,0.04383048187322423
94049589,Support,Sacrificial (Team),20,0.3908680868043913,0.07817361736087826
94049589,Support,Virtuoso,18,0,0
94054712,Mid,Balanced,13,0.42316445918312146,0.05501137969380579
94054712,Mid,Bestial,20,0.19862631470006098,0.0397252629400122
94054712,Mid,Brawny,13,0.2503328640500928,0.032543272326512065
94054712,Mid,Canny,13,0.13560880450069346,0.01762914458509015
94054712,Mid,Cerulean,20,0.06586958000074888,0.013173916000149777
94054712,Mid,Clutch,17,0.12141155410456671,0.02063996419777634
94054712,Mid,Coveted (Overall),10,0.17819127325262757,0.01781912732526276
94054712,Mid,Coveted (Team),10,0.3208057763669802,0.03208057763669802
94054712,Mid,Crimson,19,0.17834706777901876,0.03388594287801357
94054712,Mid,Dashing,13,0.19089387226609222,0.02481620339459199
94054712,Mid,Elemental,20,0.20399065932099178,0.04079813186419836
94054712,Mid,Emerald,22,0.27038193837704455,0.0594840264429498
94054712,Mid,Glamorous,22,0.009559081868277412,0.0021029980110210305
94054712,Mid,Hirsute,15,0.3855572783490718,0.05783359175236076
94054712,Mid,Otherworldly,19,0.4588672089934955,0.08718476970876415
94054712,Mid,Sacrificial (Overall),20,0.14498975039730616,0.02899795007946123
94054712,Mid,Sacrificial (Team),20,0.29216848737913376,0.058433697475826746
94054712,Mid,Virtuoso,18,0.2629591867808838,0.04733265362055908
94155156,Support,Balanced,13,0.2517230222464202,0.03272399289203462
94155156,Support,Bestial,20,0.24822676855564504,0.04964535371112901
94155156,Support,Brawny,13,0.07472578651742993,0.00971435224726589
94155156,Support,Canny,13,0.6735511912361498,0.08756165486069949
94155156,Support,Cerulean,20,0.25438607736841756,0.05087721547368352
94155156,Support,Clutch,17,0.1006577164732735,0.017111811800456497
94155156,Support,Coveted (Overall),10,0,0
94155156,Support,Coveted (Team),10,0.041939861077431986,0.004193986107743198
94155156,Support,Crimson,19,0.3449350988918875,0.06553766878945862
94155156,Support,Dashing,13,0,0
94155156,Support,Elemental,20,0.20771449549529128,0.041542899099058256
94155156,Support,Emerald,22,0.32691697732157454,0.0719217350107464
94155156,Support,Glamorous,22,0.0651978025547876,0.014343516562053273
94155156,Support,Hirsute,15,0.2803689001778803,0.042055335026682045
94155156,Support,Otherworldly,19,0.22297001722019247,0.042364303271836566
94155156,Support,Sacrificial (Overall),20,0.1393806741294008,0.02787613482588016
94155156,Support,Sacrificial (Team),20,0.23982090702529568,0.047964181405059134
94155156,Support,Virtuoso,18,0.22852260810892572,0.04113406945960663
94738847,Core,Balanced,13,0.5105931525749469,0.0663771098347431
94738847,Core,Bestial,20,0.18827699845347706,0.03765539969069542
94738847,Core,Brawny,13,0.38150760078786056,0.04959598810242187
94738847,Core,Canny,13,0.10053041108278436,0.013068953440761968
94738847,Core,Cerulean,20,0.14160579822711633,0.02832115964542327
94738847,Core,Clutch,17,0.09768423781419615,0.016606320428413347
94738847,Core,Coveted (Overall),10,0.1696509147280759,0.01696509147280759
94738847,Core,Coveted (Team),10,0.394162973117949,0.0394162973117949
94738847,Core,Crimson,19,0.39869935543936336,0.07575287753347903
94738847,Core,Dashing,13,0.007368835554408308,9.579486220730801e-4
94738847,Core,Elemental,20,0.2682025406798459,0.05364050813596918
94738847,Core,Emerald,22,0.1309551322113727,0.028810129086501993
94738847,Core,Glamorous,22,0.06089499308485987,0.013396898478669173
94738847,Core,Hirsute,15,0.38202357924715596,0.05730353688707339
94738847,Core,Otherworldly,19,0.04799664635439169,0.00911936280733442
94738847,Core,Sacrificial (Overall),20,0,0
94738847,Core,Sacrificial (Team),20,0.09344208919300884,0.018688417838601767
94738847,Core,Virtuoso,18,0,0
94786276,Support,Balanced,13,0.24482121873656562,0.031826758435753534
94786276,Support,Bestial,20,0.20099124330699908,0.040198248661399816
94786276,Support,Brawny,13,0.2061271414331429,0.026796528386308575
94786276,Support,Canny,13,0.32904767729724743,0.04277619804864217
94786276,Support,Cerulean,20,0.15415899973503247,0.030831799947006494
94786276,Support,Clutch,17,0.10741373856138982,0.01826033555543627
94786276,Support,Coveted (Overall),10,0.09414020420311241,0.009414020420311241
94786276,Support,Coveted (Team),10,0.10004496858176663,0.010004496858176663
94786276,Support,Crimson,19,0.24045860368339952,0.04568713469984591
94786276,Support,Dashing,13,0.22000396253304408,0.02860051512929573
94786276,Support,Elemental,20,0.01698830482794377,0.0033976609655887533
94786276,Support,Emerald,22,0.19006433842298245,0.04181415445305614
94786276,Support,Glamorous,22,0.008241076610250097,0.0018130368542550212
94786276,Support,Hirsute,15,0.22441896305359582,0.033662844458039375
94786276,Support,Otherworldly,19,0.27257066354870385,0.051788426074253734
94786276,Support,Sacrificial (Overall),20,0.13289660369272688,0.026579320738545374
94786276,Support,Sacrificial (Team),20,0.18863301139237446,0.03772660227847489
94786276,Support,Virtuoso,18,0,0
96803083,Mid,Balanced,13,0.4813318056640712,0.06257313473632925
96803083,Mid,Bestial,20,0.18858894622399894,0.037717789244799786
96803083,Mid,Brawny,13,0.3052109328713911,0.03967742127328085
96803083,Mid,Canny,13,0.13431765536907847,0.0174612951979802
96803083,Mid,Cerulean,20,0.09782026650761615,0.01956405330152323
96803083,Mid,Clutch,17,0.023436959975404834,0.003984283195818822
96803083,Mid,Coveted (Overall),10,0.1086823675561889,0.01086823675561889
96803083,Mid,Coveted (Team),10,0.16868546262522838,0.016868546262522835
96803083,Mid,Crimson,19,0.3934497499847265,0.07475545249709803
96803083,Mid,Dashing,13,0.07913960609545924,0.0102881487924097
96803083,Mid,Elemental,20,0.2564323423576292,0.051286468471525834
96803083,Mid,Emerald,22,0.046178962169442846,0.010159371677277427
96803083,Mid,Glamorous,22,0,0
96803083,Mid,Hirsute,15,0.3247236522615487,0.048708547839232307
96803083,Mid,Otherworldly,19,0.30153024180692434,0.057290745943315624
96803083,Mid,Sacrificial (Overall),20,0.22787649520506917,0.04557529904101384
96803083,Mid,Sacrificial (Team),20,0.3607394608545438,0.07214789217090875
96803083,Mid,Virtuoso,18,0.23260183514794516,0.04186833032663013
97590558,Core,Balanced,13,0.5183846668875574,0.06739000669538246
97590558,Core,Bestial,20,0.21674874688779489,0.04334974937755898
97590558,Core,Brawny,13,0.42165188091274663,0.05481474451865706
97590558,Core,Canny,13,0,0
97590558,Core,Cerulean,20,0.07392810550337561,0.014785621100675122
97590558,Core,Clutch,17,0.10478626209531408,0.017813664556203396
97590558,Core,Coveted (Overall),10,0.12465731962360012,0.012465731962360012
97590558,Core,Coveted (Team),10,0.27471297367579817,0.02747129736757982
97590558,Core,Crimson,19,0.37689215576374113,0.07160950959511082
97590558,Core,Dashing,13,0.05996345219969593,0.007795248785960471
97590558,Core,Elemental,20,0.2302527468157905,0.0460505493631581
97590558,Core,Emerald,22,0.15711567644515648,0.03456544881793442
97590558,Core,Glamorous,22,0,0
97590558,Core,Hirsute,15,0.5943415983038208,0.08915123974557312
97590558,Core,Otherworldly,19,0.1328029599321334,0.025232562387105344
97590558,Core,Sacrificial (Overall),20,0.15838028612096214,0.03167605722419243
97590558,Core,Sacrificial (Team),20,0.2092919423951893,0.04185838847903786
97590558,Core,Virtuoso,18,0,0
97658618,Core,Balanced,13,0.017889555091012064,0.0023256421618315683
97658618,Core,Bestial,20,0.1749300376183469,0.034986007523669385
97658618,Core,Brawny,13,0.2045804932656169,0.026595464124530194
97658618,Core,Canny,13,0.03683076161235588,0.004787999009606264
97658618,Core,Cerulean,20,0.16615797601459778,0.03323159520291956
97658618,Core,Clutch,17,0.08152635972433411,0.013859481153136798
97658618,Core,Coveted (Overall),10,0.2925060491055398,0.02925060491055398
97658618,Core,Coveted (Team),10,0.3684024393936982,0.03684024393936982
97658618,Core,Crimson,19,0.15124654159817266,0.028736842903652807
97658618,Core,Dashing,13,0.7406991900310151,0.09629089470403197
97658618,Core,Elemental,20,0.17823722255050936,0.03564744451010187
97658618,Core,Emerald,22,0.17515339046290387,0.038533745901838855
97658618,Core,Glamorous,22,0.06473129889374167,0.014240885756623167
97658618,Core,Hirsute,15,0.10731901038532876,0.016097851557799314
97658618,Core,Otherworldly,19,0.2670902986865801,0.05074715675045021
97658618,Core,Sacrificial (Overall),20,0.1067482452161461,0.02134964904322922
97658618,Core,Sacrificial (Team),20,0.13398073629848065,0.02679614725969613
97658618,Core,Virtuoso,18,0.44660499479439886,0.08038889906299179
100058342,Core,Balanced,13,0.023764596987037374,0.003089397608314859
100058342,Core,Bestial,20,0.06544144167513864,0.01308828833502773
100058342,Core,Brawny,13,0.2582174286041846,0.033568265718544
100058342,Core,Canny,13,0,0
100058342,Core,Cerulean,20,0.10001948999673069,0.02000389799934614
100058342,Core,Clutch,17,0.10741373856138982,0.01826033555543627
100058342,Core,Coveted (Overall),10,0.20063367594256148,0.02006336759425615
100058342,Core,Coveted (Team),10,0.2826313822211748,0.028263138222117477
100058342,Core,Crimson,19,0.1194877414835749,0.02270267088187923
100058342,Core,Dashing,13,0.718017974408778,0.09334233667314114
100058342,Core,Elemental,20,0.19107951923747982,0.038215903847495965
100058342,Core,Emerald,22,0.10961548547051819,0.024115406803514
100058342,Core,Glamorous,22,0,0
100058342,Core,Hirsute,15,0.1276731010088254,0.01915096515132381
100058342,Core,Otherworldly,19,0.12406641941134577,0.0235726196881557
100058342,Core,Sacrificial (Overall),20,0.04078532067385225,0.00815706413477045
100058342,Core,Sacrificial (Team),20,0.1352656604726016,0.02705313209452032
100058342,Core,Virtuoso,18,0.440026035030225,0.0792046863054405
100471531,Core,Balanced,13,0.28078225564049675,0.036501693233264576
100471531,Core,Bestial,20,0.22221087257705274,0.044442174515410555
100471531,Core,Brawny,13,0.6646055205694089,0.08639871767402316
100471531,Core,Canny,13,0.013310592940007686,0.0017303770822009992
100471531,Core,Cerulean,20,0.05373423989807772,0.010746847979615544
100471531,Core,Clutch,17,0.11400770987942062,0.019381310679501506
100471531,Core,Coveted (Overall),10,0.2109202970536144,0.02109202970536144
100471531,Core,Coveted (Team),10,0.4476640408365614,0.04476640408365614
100471531,Core,Crimson,19,0.3397810125649292,0.06455839238733656
100471531,Core,Dashing,13,0.041301630850086576,0.005369212010511255
100471531,Core,Elemental,20,0.39080820073069883,0.07816164014613976
100471531,Core,Emerald,22,0.16958734103038844,0.03730921502668546
100471531,Core,Glamorous,22,0,0
100471531,Core,Hirsute,15,0.3476551191338576,0.05214826787007864
100471531,Core,Otherworldly,19,0.18718972306112255,0.035566047381613286
100471531,Core,Sacrificial (Overall),20,0.08715207407437543,0.017430414814875086
100471531,Core,Sacrificial (Team),20,0.22493111154960865,0.04498622230992173
100471531,Core,Virtuoso,18,0,0
101259972,Support,Balanced,13,0.20659867255458333,0.026857827432095832
101259972,Support,Bestial,20,0.3979577871191255,0.07959155742382511
101259972,Support,Brawny,13,0.20507986665362982,0.02666038266497188
101259972,Support,Canny,13,0.5883214607917868,0.07648178990293228
101259972,Support,Cerulean,20,0.13092135910472066,0.026184271820944134
101259972,Support,Clutch,17,0.11400770987942062,0.019381310679501506
101259972,Support,Coveted (Overall),10,0,0
101259972,Support,Coveted (Team),10,0.018482076328792046,0.0018482076328792047
101259972,Support,Crimson,19,0.18106656079231295,0.03440264655053946
101259972,Support,Dashing,13,0,0
101259972,Support,Elemental,20,0.09297424993458638,0.018594849986917274
101259972,Support,Emerald,22,0.5020261896424636,0.11044576172134199
101259972,Support,Glamorous,22,0,0
101259972,Support,Hirsute,15,0.15372965367637442,0.023059448051456162
101259972,Support,Otherworldly,19,0.3749821591353439,0.07124661023571534
101259972,Support,Sacrificial (Overall),20,0.032205521652193723,0.006441104330438745
101259972,Support,Sacrificial (Team),20,0.13005286674602654,0.02601057334920531
101259972,Support,Virtuoso,18,0,0
101695162,Support,Balanced,13,0.32381512606445423,0.04209596638837905
101695162,Support,Bestial,20,0.32758486050163493,0.06551697210032699
101695162,Support,Brawny,13,0.2730419508717179,0.035495453613323326
101695162,Support,Canny,13,0.36221619016987405,0.04708810472208363
101695162,Support,Cerulean,20,0.1021879647067353,0.02043759294134706
101695162,Support,Clutch,17,0.09768423781419615,0.016606320428413347
101695162,Support,Coveted (Overall),10,0.028343153867091075,0.0028343153867091075
101695162,Support,Coveted (Team),10,0.06926988676104497,0.006926988676104496
101695162,Support,Crimson,19,0.3406698773012343,0.06472727668723452
101695162,Support,Dashing,13,0.04092673289395389,0.005320475276214006
101695162,Support,Elemental,20,0.294293033676319,0.058858606735263795
101695162,Support,Emerald,22,0.24501491843420642,0.053903282055525414
101695162,Support,Glamorous,22,0,0
101695162,Support,Hirsute,15,0.14778705981942683,0.022168058972914025
101695162,Support,Otherworldly,19,0.31746399808254017,0.060318159635682635
101695162,Support,Sacrificial (Overall),20,0.09781063819510416,0.01956212763902083
101695162,Support,Sacrificial (Team),20,0.2671441229020299,0.05342882458040598
101695162,Support,Virtuoso,18,0,0
106305042,Mid,Balanced,13,0.32220373556572124,0.04188648562354376
106305042,Mid,Bestial,20,0.19823952969898484,0.03964790593979697
106305042,Mid,Brawny,13,0.35489458897029363,0.04613629656613817
106305042,Mid,Canny,13,0.24494307991575026,0.031842600389047536
106305042,Mid,Cerulean,20,0.22161790604183546,0.044323581208367095
106305042,Mid,Clutch,17,0.04882997824722659,0.00830109630202852
106305042,Mid,Coveted (Overall),10,0.11953613132330929,0.01195361313233093
106305042,Mid,Coveted (Team),10,0.2867076702020278,0.028670767020202784
106305042,Mid,Crimson,19,0.22809452577994757,0.04333795989819004
106305042,Mid,Dashing,13,0.07795859554823487,0.010134617421270533
106305042,Mid,Elemental,20,0.27318709780197564,0.05463741956039513
106305042,Mid,Emerald,22,0.16299573507157866,0.035859061715747306
106305042,Mid,Glamorous,22,0,0
106305042,Mid,Hirsute,15,0.4403245277541158,0.06604867916311737
106305042,Mid,Otherworldly,19,0.4417497049361665,0.08393244393787164
106305042,Mid,Sacrificial (Overall),20,0.14587854654622515,0.029175709309245026
106305042,Mid,Sacrificial (Team),20,0.3306038761062667,0.06612077522125333
106305042,Mid,Virtuoso,18,0,0
106863163,Mid,Balanced,13,0.18439234887685424,0.023971005353991052
106863163,Mid,Bestial,20,0.26755742865233234,0.05351148573046647
106863163,Mid,Brawny,13,0.22736318571348801,0.029557214142753443
106863163,Mid,Canny,13,0.44632195402033437,0.05802185402264347
106863163,Mid,Cerulean,20,0.21948308121174073,0.04389661624234814
106863163,Mid,Clutch,17,0.09768423781419615,0.016606320428413347
106863163,Mid,Coveted (Overall),10,0.14881501058240104,0.014881501058240106
106863163,Mid,Coveted (Team),10,0.2811532769608431,0.02811532769608431
106863163,Mid,Crimson,19,0.3258618416230789,0.06191374990838499
106863163,Mid,Dashing,13,0.14192251138932335,0.018449926480612035
106863163,Mid,Elemental,20,0.11688374100876932,0.023376748201753866
106863163,Mid,Emerald,22,0.2435009051669502,0.053570199136729044
106863163,Mid,Glamorous,22,0.021064016516740332,0.004634083633682873
106863163,Mid,Hirsute,15,0.2852352864990671,0.04278529297486006
106863163,Mid,Otherworldly,19,0.394497009720828,0.07495443184695733
106863163,Mid,Sacrificial (Overall),20,0.15488412888290154,0.030976825776580307
106863163,Mid,Sacrificial (Team),20,0.25431590038875834,0.05086318007775167
106863163,Mid,Virtuoso,18,0.05837643655587473,0.01050775858005745
107579895,Core,Balanced,13,0.3794059657709225,0.04932277555021993
107579895,Core,Bestial,20,0.3416394235795344,0.06832788471590688
107579895,Core,Brawny,13,0.4568013127410448,0.059384170656335826
107579895,Core,Canny,13,0.061866991777931556,0.008042708931131102
107579895,Core,Cerulean,20,0.20808741917164728,0.04161748383432945
107579895,Core,Clutch,17,0.09176009307999673,0.015599215823599443
107579895,Core,Coveted (Overall),10,0.32156153846548413,0.032156153846548415
107579895,Core,Coveted (Team),10,0.4241560116669743,0.04241560116669743
107579895,Core,Crimson,19,0.21593016847536128,0.041026732010318645
107579895,Core,Dashing,13,0.10192572971010103,0.013250344862313133
107579895,Core,Elemental,20,0.2279642037300959,0.045592840746019186
107579895,Core,Emerald,22,0.1479116846600509,0.03254057062521119
107579895,Core,Glamorous,22,0,0
107579895,Core,Hirsute,15,0.43256612439168446,0.06488491865875268
107579895,Core,Otherworldly,19,0.12314928904822664,0.02339836491916306
107579895,Core,Sacrificial (Overall),20,0.02070452018531207,0.004140904037062414
107579895,Core,Sacrificial (Team),20,0.08043172817807112,0.016086345635614223
107579895,Core,Virtuoso,18,0.14555938874616464,0.026200689974309636
111114687,Support,Balanced,13,0.3256922268611664,0.042339989491951634
111114687,Support,Bestial,20,0.3798775237235545,0.0759755047447109
111114687,Support,Brawny,13,0.37503256334370044,0.04875423323468106
111114687,Support,Canny,13,0.2992752097951332,0.03890577727336732
111114687,Support,Cerulean,20,0.1417186042847736,0.02834372085695472
111114687,Support,Clutch,17,0.0659076584365571,0.011204301934214707
111114687,Support,Coveted (Overall),10,0.012744049096834959,0.0012744049096834959
111114687,Support,Coveted (Team),10,0.04271505480685831,0.004271505480685831
111114687,Support,Crimson,19,0.3371004876139738,0.06404909264665502
111114687,Support,Dashing,13,0,0
111114687,Support,Elemental,20,0.08266097775317213,0.016532195550634426
111114687,Support,Emerald,22,0.1945285071866266,0.04279627158105785
111114687,Support,Glamorous,22,0,0
111114687,Support,Hirsute,15,0.08628981281054734,0.012943471921582102
111114687,Support,Otherworldly,19,0.2010763141256391,0.03820449968387143
111114687,Support,Sacrificial (Overall),20,0.11302051724687837,0.022604103449375672
111114687,Support,Sacrificial (Team),20,0.311875092775272,0.062375018555054396
111114687,Support,Virtuoso,18,0,0
113331514,Support,Balanced,13,0.11874250432993602,0.015436525562891682
113331514,Support,Bestial,20,0.3436106236826857,0.06872212473653713
113331514,Support,Brawny,13,0.15741672223179187,0.020464173890132945
113331514,Support,Canny,13,0.7238407734382721,0.09409930054697538
113331514,Support,Cerulean,20,0.14384613165287946,0.02876922633057589
113331514,Support,Clutch,17,0.04882997824722659,0.00830109630202852
113331514,Support,Coveted (Overall),10,0,0
113331514,Support,Coveted (Team),10,0.03932779109816343,0.003932779109816343
113331514,Support,Crimson,19,0.19843666623634998,0.037702966584906496
113331514,Support,Dashing,13,0,0
113331514,Support,Elemental,20,0.15412196768647188,0.030824393537294378
113331514,Support,Emerald,22,0.4473978513323726,0.09842752729312197
113331514,Support,Glamorous,22,0,0
113331514,Support,Hirsute,15,0.4925150656646961,0.07387725984970442
113331514,Support,Otherworldly,19,0.17426749707617556,0.03311082444447336
113331514,Support,Sacrificial (Overall),20,0.19746462700756973,0.039492925401513945
113331514,Support,Sacrificial (Team),20,0.3177756810845412,0.06355513621690824
113331514,Support,Virtuoso,18,0,0
116934015,Core,Balanced,13,0.01437062923821473,0.0018681818009679148
116934015,Core,Bestial,20,0.12965147454538659,0.02593029490907732
116934015,Core,Brawny,13,0.3055192326669361,0.03971750024670169
116934015,Core,Canny,13,0,0
116934015,Core,Cerulean,20,0.08331023545961386,0.01666204709192277
116934015,Core,Clutch,17,0.10478626209531408,0.017813664556203396
116934015,Core,Coveted (Overall),10,0.16859163422246953,0.016859163422246956
116934015,Core,Coveted (Team),10,0.2933434120054765,0.029334341200547648
116934015,Core,Crimson,19,0.1280255602083378,0.024324856439584184
116934015,Core,Dashing,13,0.6801101380948491,0.08841431795233039
116934015,Core,Elemental,20,0.08989966698840321,0.017979933397680642
116934015,Core,Emerald,22,0.09819925262044363,0.021603835576497598
116934015,Core,Glamorous,22,0.06610171383225433,0.01454237704309595
116934015,Core,Hirsute,15,0.052399330649623405,0.00785989959744351
116934015,Core,Otherworldly,19,0.24302452135780445,0.04617465905798285
116934015,Core,Sacrificial (Overall),20,0.08099149388079951,0.016198298776159904
116934015,Core,Sacrificial (Team),20,0.16943588176556929,0.033887176353113856
116934015,Core,Virtuoso,18,0.06370876901708168,0.011467578423074703
117089283,Support,Balanced,13,0.34458752731428977,0.04479637855085767
117089283,Support,Bestial,20,0.14152962784667356,0.02830592556933471
117089283,Support,Brawny,13,0.1320128264806832,0.017161667442488815
117089283,Support,Canny,13,0.5084732004383984,0.06610151605699179
117089283,Support,Cerulean,20,0.10831139554807534,0.021662279109615067
117089283,Support,Clutch,17,0.06262855663930532,0.010646854628681902
117089283,Support,Coveted (Overall),10,0,0
117089283,Support,Coveted (Team),10,0.11898297981626091,0.011898297981626092
117089283,Support,Crimson,19,0.1895226024295607,0.036009294461616534
117089283,Support,Dashing,13,0.014926445766628745,0.001940437949661737
117089283,Support,Elemental,20,0.10694502897042457,0.021389005794084915
117089283,Support,Emerald,22,0.43604657051253215,0.09593024551275707
117089283,Support,Glamorous,22,0.005490588349738127,0.0012079294369423878
117089283,Support,Hirsute,15,0.25577070205857905,0.03836560530878686
117089283,Support,Otherworldly,19,0.4453089713228827,0.08460870455134772
117089283,Support,Sacrificial (Overall),20,0.12308124631141022,0.024616249262282043
117089283,Support,Sacrificial (Team),20,0.20858508522392016,0.04171701704478403
117089283,Support,Virtuoso,18,0,0
123023873,Mid,Balanced,13,0.22254096300840848,0.0289303251910931
123023873,Mid,Bestial,20,0.11244913475885243,0.022489826951770486
123023873,Mid,Brawny,13,0.341571761864843,0.044404329042429594
123023873,Mid,Canny,13,0.23470518710757227,0.030511674323984394
123023873,Mid,Cerulean,20,0.1408291830278083,0.028165836605561663
123023873,Mid,Clutch,17,0.10449297139018399,0.017763805136331277
123023873,Mid,Coveted (Overall),10,0.1535050719323817,0.01535050719323817
123023873,Mid,Coveted (Team),10,0.2434940984873982,0.02434940984873982
123023873,Mid,Crimson,19,0.24186925012707905,0.04595515752414502
123023873,Mid,Dashing,13,0.20118208801917628,0.026153671442492917
123023873,Mid,Elemental,20,0.028343153867091075,0.005668630773418215
123023873,Mid,Emerald,22,0.06313896567671161,0.013890572448876554
123023873,Mid,Glamorous,22,0,0
123023873,Mid,Hirsute,15,0.5090106104187442,0.07635159156281163
123023873,Mid,Otherworldly,19,0.28028184115927984,0.053253549820263174
123023873,Mid,Sacrificial (Overall),20,0.11787662357662604,0.023575324715325207
123023873,Mid,Sacrificial (Team),20,0.20439675898811785,0.040879351797623566
123023873,Mid,Virtuoso,18,0.2583340569771467,0.0465001302558864
124801257,Core,Balanced,13,0.021427903113894798,0.002785627404806324
124801257,Core,Bestial,20,0.17488261956092505,0.034976523912185004
124801257,Core,Brawny,13,0.28868314383673627,0.037528808698775715
124801257,Core,Canny,13,0.07921279933753668,0.010297663913879769
124801257,Core,Cerulean,20,0.24191596453215689,0.04838319290643137
124801257,Core,Clutch,17,0.105412892911138,0.017920191794893462
124801257,Core,Coveted (Overall),10,0.1746489901286128,0.01746489901286128
124801257,Core,Coveted (Team),10,0.27234745877639716,0.027234745877639716
124801257,Core,Crimson,19,0.14443534120936127,0.02744271482977864
124801257,Core,Dashing,13,0.6106761537118321,0.07938789998253819
124801257,Core,Elemental,20,0.09214852988240076,0.01842970597648015
124801257,Core,Emerald,22,0.16471324159414238,0.03623691315071132
124801257,Core,Glamorous,22,0.06815389914280982,0.014993857811418161
124801257,Core,Hirsute,15,0.15586307372987013,0.02337946105948052
124801257,Core,Otherworldly,19,0.253906440914848,0.04824222377382112
124801257,Core,Sacrificial (Overall),20,0.12490088176855835,0.02498017635371167
124801257,Core,Sacrificial (Team),20,0.19250651534587468,0.03850130306917494
124801257,Core,Virtuoso,18,0,0
126212866,Core,Balanced,13,0.3190843644710653,0.04148096738123849
126212866,Core,Bestial,20,0.40908405715848084,0.08181681143169615
126212866,Core,Brawny,13,0.67407444177201,0.0876296774303613
126212866,Core,Canny,13,0,0
126212866,Core,Cerulean,20,0.0955376348264775,0.0191075269652955
126212866,Core,Clutch,17,0.1006577164732735,0.017111811800456497
126212866,Core,Coveted (Overall),10,0.021614035755820334,0.002161403575582033
126212866,Core,Coveted (Team),10,0.14123268976736977,0.014123268976736977
126212866,Core,Crimson,19,0.32024572505132753,0.06084668775975224
126212866,Core,Dashing,13,0.006841193756924704,8.893551884002115e-4
126212866,Core,Elemental,20,0.32417235264486577,0.06483447052897315
126212866,Core,Emerald,22,0.08970976833034267,0.019736149032675385
126212866,Core,Glamorous,22,0.02522164779665335,0.0055487625152637375
126212866,Core,Hirsute,15,0.5126257241384047,0.0768938586207607
126212866,Core,Otherworldly,19,0.07186354696951586,0.013654073924208011
126212866,Core,Sacrificial (Overall),20,0.1311519444662383,0.02623038889324766
126212866,Core,Sacrificial (Team),20,0.22854570468421936,0.045709140936843876
126212866,Core,Virtuoso,18,0.35502009527363304,0.06390361714925395
126238768,Mid,Balanced,13,0.3636151716888318,0.04726997231954813
126238768,Mid,Bestial,20,0.10897722727112968,0.021795445454225938
126238768,Mid,Brawny,13,0.33951209514475783,0.044136572368818516
126238768,Mid,Canny,13,0.21826735343891684,0.028374755947059193
126238768,Mid,Cerulean,20,0.18211796971773103,0.03642359394354621
126238768,Mid,Clutch,17,0.05542382087713056,0.009422049549112195
126238768,Mid,Coveted (Overall),10,0.17540603718073644,0.017540603718073644
126238768,Mid,Coveted (Team),10,0.47897085831681907,0.0478970858316819
126238768,Mid,Crimson,19,0.19996463244340876,0.03799328016424766
126238768,Mid,Dashing,13,0.07860537972749349,0.010218699364574153
126238768,Mid,Elemental,20,0.17619333664799866,0.03523866732959973
126238768,Mid,Emerald,22,0.2335848750466826,0.05138867251027017
126238768,Mid,Glamorous,22,0,0
126238768,Mid,Hirsute,15,0.3090235454323671,0.04635353181485506
126238768,Mid,Otherworldly,19,0.22099864090598456,0.04198974177213707
126238768,Mid,Sacrificial (Overall),20,0.06635636864767937,0.013271273729535873
126238768,Mid,Sacrificial (Team),20,0.15143984309975633,0.030287968619951266
126238768,Mid,Virtuoso,18,0.2812695782621288,0.050628524087183185
127565532,Support,Balanced,13,0.34291255448588986,0.04457863208316568
127565532,Support,Bestial,20,0.00977830619152645,0.00195566123830529
127565532,Support,Brawny,13,0.05891113694772314,0.007658447803204008
127565532,Support,Canny,13,0.5890773135950974,0.07658005076736267
127565532,Support,Cerulean,20,0.042075080102948394,0.008415016020589678
127565532,Support,Clutch,17,0.04972130664340174,0.008452622129378296
127565532,Support,Coveted (Overall),10,0.013089732688308679,0.0013089732688308679
127565532,Support,Coveted (Team),10,0.15829342986619407,0.015829342986619407
127565532,Support,Crimson,19,0.505378567922457,0.09602192790526683
127565532,Support,Dashing,13,0.009098994971289623,0.0011828693462676509
127565532,Support,Elemental,20,0.02376751139029091,0.004753502278058181
127565532,Support,Emerald,22,0.2805033521277096,0.06171073746809611
127565532,Support,Glamorous,22,0,0
127565532,Support,Hirsute,15,0.45811165927582137,0.0687167488913732
127565532,Support,Otherworldly,19,0.3377719183561267,0.06417666448766407
127565532,Support,Sacrificial (Overall),20,0.10074909161089256,0.020149818322178513
127565532,Support,Sacrificial (Team),20,0.18573975989291688,0.03714795197858338
127565532,Support,Virtuoso,18,0.010822878982241118,0.0019481182168034012
131303632,Mid,Balanced,13,0.3426868729786075,0.04454929348721898
131303632,Mid,Bestial,20,0.08788349277166585,0.01757669855433317
131303632,Mid,Brawny,13,0.3936369045107523,0.05117279758639779
131303632,Mid,Canny,13,0.24928450238035307,0.0324069853094459
131303632,Mid,Cerulean,20,0.1468684760212116,0.02937369520424232
131303632,Mid,Clutch,17,0.09176009307999673,0.015599215823599443
131303632,Mid,Coveted (Overall),10,0.12904219756186808,0.012904219756186807
131303632,Mid,Coveted (Team),10,0.19444540801241847,0.019444540801241847
131303632,Mid,Crimson,19,0.24712051850950079,0.046952898516805154
131303632,Mid,Dashing,13,0.014391720130287132,0.0018709236169373272
131303632,Mid,Elemental,20,0.30287809578685865,0.06057561915737173
131303632,Mid,Emerald,22,0.19916115678207802,0.04381545449205716
131303632,Mid,Glamorous,22,0.01726191356538701,0.003797620984385142
131303632,Mid,Hirsute,15,0.3932745329103403,0.05899117993655104
131303632,Mid,Otherworldly,19,0.37612170675064305,0.07146312428262218
131303632,Mid,Sacrificial (Overall),20,0.2651141923964092,0.05302283847928184
131303632,Mid,Sacrificial (Team),20,0.536547053503035,0.107309410700607
131303632,Mid,Virtuoso,18,0.20375943729227594,0.03667669871260967
132851371,Core,Balanced,13,0.010095668538767148,0.0013124369100397293
132851371,Core,Bestial,20,0.13562361194044092,0.027124722388088184
132851371,Core,Brawny,13,0.44267866944142503,0.05754822702738525
132851371,Core,Canny,13,0.012819173770606372,0.0016664925901788282
132851371,Core,Cerulean,20,0.10338412031293774,0.020676824062587546
132851371,Core,Clutch,17,0.10162421237803171,0.017276116104265393
132851371,Core,Coveted (Overall),10,0.21119655871039464,0.021119655871039464
132851371,Core,Coveted (Team),10,0.33598781054569654,0.033598781054569656
132851371,Core,Crimson,19,0.08435616168463037,0.01602767072007977
132851371,Core,Dashing,13,0.5344064882492015,0.06947284347239618
132851371,Core,Elemental,20,0.11767534414371014,0.02353506882874203
132851371,Core,Emerald,22,0.07809700610607553,0.01718134134333662
132851371,Core,Glamorous,22,0.07969396912825674,0.017532673208216484
132851371,Core,Hirsute,15,0.31235725876079995,0.046853588814119995
132851371,Core,Otherworldly,19,0.10098898216458976,0.019187906611272055
132851371,Core,Sacrificial (Overall),20,0.03942773745840177,0.007885547491680354
132851371,Core,Sacrificial (Team),20,0.08878057869127196,0.01775611573825439
132851371,Core,Virtuoso,18,0.13444132100037948,0.024199437780068306
134556694,Support,Balanced,13,0.16896459728822458,0.021965397647469197
134556694,Support,Bestial,20,0.2861027074534025,0.0572205414906805
134556694,Support,Brawny,13,0.4567281064508114,0.05937465383860548
134556694,Support,Canny,13,0.37430729626096404,0.04865994851392532
134556694,Support,Cerulean,20,0.15004014105022057,0.030008028210044113
134556694,Support,Clutch,17,0.10162421237803171,0.017276116104265393
134556694,Support,Coveted (Overall),10,0,0
134556694,Support,Coveted (Team),10,0.028203088956071487,0.002820308895607149
134556694,Support,Crimson,19,0.19490030374081904,0.03703105771075562
134556694,Support,Dashing,13,0,0
134556694,Support,Elemental,20,0.025879698321694167,0.005175939664338833
134556694,Support,Emerald,22,0.3678407974535784,0.08092497543978724
134556694,Support,Glamorous,22,0,0
134556694,Support,Hirsute,15,0.20590582058493137,0.030885873087739702
134556694,Support,Otherworldly,19,0.2965787089754094,0.05634995470532778
134556694,Support,Sacrificial (Overall),20,0.10215307378920313,0.020430614757840627
134556694,Support,Sacrificial (Team),20,0.1727246940525297,0.03454493881050594
134556694,Support,Virtuoso,18,0.23267481446243077,0.041881466603237535
136829091,Support,Balanced,13,0.37618872496118055,0.048904534244953474
136829091,Support,Bestial,20,0.13933036179000657,0.027866072358001315
136829091,Support,Brawny,13,0.19499950904889649,0.025349936176356544
136829091,Support,Canny,13,0.42881176598992304,0.05574552957869
136829091,Support,Cerulean,20,0.11530456242875597,0.023060912485751196
136829091,Support,Clutch,17,0.08152635972433411,0.013859481153136798
136829091,Support,Coveted (Overall),10,0,0
136829091,Support,Coveted (Team),10,0.039863613350492384,0.003986361335049238
136829091,Support,Crimson,19,0.39645020076634474,0.0753255381456055
136829091,Support,Dashing,13,0,0
136829091,Support,Elemental,20,0.07229742094277265,0.01445948418855453
136829091,Support,Emerald,22,0.25193381661208464,0.05542543965465862
136829091,Support,Glamorous,22,0,0
136829091,Support,Hirsute,15,0.2777850709122973,0.0416677606368446
136829091,Support,Otherworldly,19,0.18775713250503642,0.03567385517595692
136829091,Support,Sacrificial (Overall),20,0.1474774637453178,0.02949549274906356
136829091,Support,Sacrificial (Team),20,0.2599950042119124,0.05199900084238248
136829091,Support,Virtuoso,18,0.13102591669017039,0.02358466500423067
145065875,Support,Balanced,13,0.4135172521117121,0.05375724277452257
145065875,Support,Bestial,20,0.3639925867028838,0.07279851734057675
145065875,Support,Brawny,13,0.12658098818564406,0.01645552846413373
145065875,Support,Canny,13,0.4599017597026439,0.05978722876134371
145065875,Support,Cerulean,20,0.05734244035406168,0.011468488070812334
145065875,Support,Clutch,17,0.10449297139018399,0.017763805136331277
145065875,Support,Coveted (Overall),10,0.00941394087853172,9.413940878531721e-4
145065875,Support,Coveted (Team),10,0.06537508630747846,0.0065375086307478455
145065875,Support,Crimson,19,0.07419085460063242,0.014096262374120158
145065875,Support,Dashing,13,0,0
145065875,Support,Elemental,20,0.1681724396180508,0.033634487923610165
145065875,Support,Emerald,22,0.4453121180354066,0.09796866596778946
145065875,Support,Glamorous,22,0.034153540635063526,0.0075137789397139755
145065875,Support,Hirsute,15,0.19520882877868545,0.029281324316802818
145065875,Support,Otherworldly,19,0.2932569357042972,0.05571881778381647
145065875,Support,Sacrificial (Overall),20,0.016671586214879127,0.0033343172429758255
145065875,Support,Sacrificial (Team),20,0.17016436434809104,0.03403287286961821
145065875,Support,Virtuoso,18,0,0
145957968,Core,Balanced,13,0.513536017233693,0.06675968224038009
145957968,Core,Bestial,20,0.2573965300651515,0.0514793060130303
145957968,Core,Brawny,13,0.4475798383433697,0.058185378984638055
145957968,Core,Canny,13,0.03888414442293737,0.0050549387749818575
145957968,Core,Cerulean,20,0.10330731147722053,0.020661462295444105
145957968,Core,Clutch,17,0.0659076584365571,0.011204301934214707
145957968,Core,Coveted (Overall),10,0.05272615458340003,0.005272615458340003
145957968,Core,Coveted (Team),10,0.1279856194760349,0.01279856194760349
145957968,Core,Crimson,19,0.4491716944685137,0.08534262194901761
145957968,Core,Dashing,13,0,0
145957968,Core,Elemental,20,0.1898162348104223,0.03796324696208446
145957968,Core,Emerald,22,0.08598611087019571,0.018916944391443057
145957968,Core,Glamorous,22,0,0
145957968,Core,Hirsute,15,0.4183905794870827,0.06275858692306241
145957968,Core,Otherworldly,19,0.16604968463859887,0.031549440081333785
145957968,Core,Sacrificial (Overall),20,0.07355783260685103,0.014711566521370205
145957968,Core,Sacrificial (Team),20,0.21478217272526737,0.04295643454505347
145957968,Core,Virtuoso,18,0,0
150961567,Support,Balanced,13,0.32248740318039015,0.04192336241345072
150961567,Support,Bestial,20,0.2287365211590974,0.045747304231819476
150961567,Support,Brawny,13,0.08124296777757355,0.010561585811084562
150961567,Support,Canny,13,0.5578897936921299,0.07252567317997688
150961567,Support,Cerulean,20,0.13079419707990506,0.02615883941598101
150961567,Support,Clutch,17,0.0659076584365571,0.011204301934214707
150961567,Support,Coveted (Overall),10,0.04364049098200275,0.004364049098200274
150961567,Support,Coveted (Team),10,0.0882095177140328,0.00882095177140328
150961567,Support,Crimson,19,0.26626538559863344,0.05059042326374035
150961567,Support,Dashing,13,0.03837983534990643,0.004989378595487836
150961567,Support,Elemental,20,0.15090475774859285,0.030180951549718574
150961567,Support,Emerald,22,0.3449728703954608,0.07589403148700138
150961567,Support,Glamorous,22,0.047064798623408344,0.010354255697149838
150961567,Support,Hirsute,15,0.24253028170180116,0.036379542255270174
150961567,Support,Otherworldly,19,0.20879490257166172,0.03967103148861573
150961567,Support,Sacrificial (Overall),20,0.07949087418604485,0.01589817483720897
150961567,Support,Sacrificial (Team),20,0.1862524779335418,0.037250495586708364
150961567,Support,Virtuoso,18,0,0
152545459,Core,Balanced,13,0.14579703712484682,0.018953614826230085
152545459,Core,Bestial,20,0.22229017348771174,0.04445803469754235
152545459,Core,Brawny,13,0.8227627700042,0.106959160100546
152545459,Core,Canny,13,0.03144019287095325,0.004087225073223923
152545459,Core,Cerulean,20,0.1562143720163963,0.03124287440327926
152545459,Core,Clutch,17,0.029344180012889708,0.00498851060219125
152545459,Core,Coveted (Overall),10,0.2560006248119418,0.025600062481194178
152545459,Core,Coveted (Team),10,0.3504070096337029,0.03504070096337029
152545459,Core,Crimson,19,0.3151582455537016,0.0598800666552033
152545459,Core,Dashing,13,0,0
152545459,Core,Elemental,20,0.37455740111099517,0.07491148022219903
152545459,Core,Emerald,22,0.21220162253177033,0.04668435695698947
152545459,Core,Glamorous,22,0.09319943794428154,0.020503876347741937
152545459,Core,Hirsute,15,0.42637728182183304,0.06395659227327495
152545459,Core,Otherworldly,19,0.18145818095500035,0.034477054381450066
152545459,Core,Sacrificial (Overall),20,0,0
152545459,Core,Sacrificial (Team),20,0.1507792656992484,0.03015585313984968
152545459,Core,Virtuoso,18,0.04031361571317516,0.007256450828371529
152962063,Core,Balanced,13,0.010600515011614827,0.0013780669515099275
152962063,Core,Bestial,20,0.04798573232897723,0.009597146465795446
152962063,Core,Brawny,13,0.23368860372816663,0.030379518484661663
152962063,Core,Canny,13,0.06465018461088243,0.008404523999414716
152962063,Core,Cerulean,20,0.22586694120251635,0.04517338824050327
152962063,Core,Clutch,17,0.045114645628464366,0.007669489756838942
152962063,Core,Coveted (Overall),10,0.19572771784788237,0.019572771784788237
152962063,Core,Coveted (Team),10,0.3883877303623639,0.03883877303623639
152962063,Core,Crimson,19,0.2118657835763017,0.04025449887949732
152962063,Core,Dashing,13,0.6910606966493361,0.08983789056441369
152962063,Core,Elemental,20,0.09812997502925125,0.01962599500585025
152962063,Core,Emerald,22,0.2002244530724242,0.04404937967593332
152962063,Core,Glamorous,22,0.0965773528773074,0.02124701763300763
152962063,Core,Hirsute,15,0.11717204299805588,0.01757580644970838
152962063,Core,Otherworldly,19,0.16249173570701944,0.030873429784333696
152962063,Core,Sacrificial (Overall),20,0.08414722590717044,0.01682944518143409
152962063,Core,Sacrificial (Team),20,0.15650635584811035,0.03130127116962207
152962063,Core,Virtuoso,18,0,0
153836240,Mid,Balanced,13,0.23688473260949292,0.03079501523923408
153836240,Mid,Bestial,20,0.13541619397778376,0.027083238795556755
153836240,Mid,Brawny,13,0.4911630294277861,0.06385119382561219
153836240,Mid,Canny,13,0.17701264158364033,0.02301164340587324
153836240,Mid,Cerulean,20,0.06164882785380972,0.012329765570761944
153836240,Mid,Clutch,17,0.06262855663930532,0.010646854628681902
153836240,Mid,Coveted (Overall),10,0.061407787708670135,0.006140778770867014
153836240,Mid,Coveted (Team),10,0.23561834506146695,0.023561834506146698
153836240,Mid,Crimson,19,0.30453199708630324,0.057861079446397616
153836240,Mid,Dashing,13,0.09493959637908064,0.012342147529280484
153836240,Mid,Elemental,20,0.2142843941000624,0.04285687882001248
153836240,Mid,Emerald,22,0.1995361274327873,0.043897948035213206
153836240,Mid,Glamorous,22,0.018608200832325464,0.004093804183111603
153836240,Mid,Hirsute,15,0.5289704031840454,0.07934556047760681
153836240,Mid,Otherworldly,19,0.47552457221404104,0.0903496687206678
153836240,Mid,Sacrificial (Overall),20,0.10864762507065044,0.02172952501413009
153836240,Mid,Sacrificial (Team),20,0.3270508489763666,0.06541016979527332
153836240,Mid,Virtuoso,18,0.22353727043941685,0.04023670867909503
154715080,Mid,Balanced,13,0.2788054272475484,0.036244705542181295
154715080,Mid,Bestial,20,0.11147115615547845,0.02229423123109569
154715080,Mid,Brawny,13,0.2764772628441917,0.03594204416974492
154715080,Mid,Canny,13,0.3235038586580994,0.042055501625552924
154715080,Mid,Cerulean,20,0.2244350427950988,0.04488700855901975
154715080,Mid,Clutch,17,0.1013893773506762,0.017236194149614956
154715080,Mid,Coveted (Overall),10,0.18059332114917218,0.018059332114917215
154715080,Mid,Coveted (Team),10,0.2747923281390781,0.02747923281390781
154715080,Mid,Crimson,19,0.321685095037897,0.061120168057200434
154715080,Mid,Dashing,13,0.12121345125016048,0.01575774866252086
154715080,Mid,Elemental,20,0.1927527313381841,0.03855054626763682
154715080,Mid,Emerald,22,0.17988865144044677,0.03957550331689829
154715080,Mid,Glamorous,22,0,0
154715080,Mid,Hirsute,15,0.3523178067451885,0.05284767101177827
154715080,Mid,Otherworldly,19,0.37181124626102546,0.07064413678959484
154715080,Mid,Sacrificial (Overall),20,0.12026173989015022,0.024052347978030048
154715080,Mid,Sacrificial (Team),20,0.3205328777926831,0.06410657555853662
154715080,Mid,Virtuoso,18,0.20518085767772218,0.03693255438198999
155332459,Support,Balanced,13,0.2525770764037456,0.03283501993248693
155332459,Support,Bestial,20,0.18479597274167361,0.03695919454833472
155332459,Support,Brawny,13,0.2449878113037611,0.03184841546948894
155332459,Support,Canny,13,0.4506047058617397,0.05857861176202616
155332459,Support,Cerulean,20,0.05012422154009166,0.010024844308018333
155332459,Support,Clutch,17,0.06262855663930532,0.010646854628681902
155332459,Support,Coveted (Overall),10,0.04831509799635115,0.0048315097996351145
155332459,Support,Coveted (Team),10,0.08879761418346356,0.008879761418346356
155332459,Support,Crimson,19,0.266700705173262,0.050673133982919775
155332459,Support,Dashing,13,0.05183040643075362,0.0067379528359979715
155332459,Support,Elemental,20,0.20687892338823724,0.041375784677647444
155332459,Support,Emerald,22,0.27939709545651004,0.06146736100043221
155332459,Support,Glamorous,22,0,0
155332459,Support,Hirsute,15,0.16792055830997848,0.025188083746496774
155332459,Support,Otherworldly,19,0.2702122803327984,0.0513403332632317
155332459,Support,Sacrificial (Overall),20,0.09475319559031666,0.01895063911806333
155332459,Support,Sacrificial (Team),20,0.13124244788873,0.026248489577745997
155332459,Support,Virtuoso,18,0,0
158847773,Support,Balanced,13,0.5376359321480629,0.06989267117924819
158847773,Support,Bestial,20,0.14744121076928068,0.029488242153856134
158847773,Support,Brawny,13,0.12555906850803497,0.016322678906044545
158847773,Support,Canny,13,0.3368049993439021,0.04378464991470728
158847773,Support,Cerulean,20,0.12413881413381729,0.024827762826763456
158847773,Support,Clutch,17,0.09768423781419615,0.016606320428413347
158847773,Support,Coveted (Overall),10,0.013049732284450829,0.001304973228445083
158847773,Support,Coveted (Team),10,0.032678329886295474,0.0032678329886295476
158847773,Support,Crimson,19,0.46063538889069106,0.08752072388923131
158847773,Support,Dashing,13,0,0
158847773,Support,Elemental,20,0.40825136326755135,0.08165027265351027
158847773,Support,Emerald,22,0.33187163775003475,0.07301176030500764
158847773,Support,Glamorous,22,0.015364437673652118,0.003380176288203466
158847773,Support,Hirsute,15,0.027304467971019965,0.004095670195652995
158847773,Support,Otherworldly,19,0.2927105927611559,0.055615012624619625
158847773,Support,Sacrificial (Overall),20,0.27418719113732765,0.054837438227465535
158847773,Support,Sacrificial (Team),20,0.32610304117531763,0.06522060823506352
158847773,Support,Virtuoso,18,0,0
161839895,Support,Balanced,13,0.24718433594753872,0.032133963673180034
161839895,Support,Bestial,20,0.4596860889455036,0.09193721778910073
161839895,Support,Brawny,13,0.17236156673725403,0.022407003675843026
161839895,Support,Canny,13,0.5520207843117028,0.07176270196052136
161839895,Support,Cerulean,20,0.11205366417881404,0.02241073283576281
161839895,Support,Clutch,17,0.10162421237803171,0.017276116104265393
161839895,Support,Coveted (Overall),10,0.020226369626604936,0.0020226369626604934
161839895,Support,Coveted (Team),10,0.04269591610906109,0.004269591610906109
161839895,Support,Crimson,19,0.21536640856557454,0.040919617627459166
161839895,Support,Dashing,13,0.028433313003504525,0.003696330690455588
161839895,Support,Elemental,20,0.24304647734666018,0.048609295469332035
161839895,Support,Emerald,22,0.2414447709480482,0.0531178496085706
161839895,Support,Glamorous,22,0.022157994430957378,0.004874758774810623
161839895,Support,Hirsute,15,0.037922206276486625,0.005688330941472994
161839895,Support,Otherworldly,19,0.3321183934676606,0.06310249475885552
161839895,Support,Sacrificial (Overall),20,0.09479875880002497,0.018959751760004993
161839895,Support,Sacrificial (Team),20,0.2696346604499373,0.05392693208998746
161839895,Support,Virtuoso,18,0.43134507616320417,0.07764211370937675
164685175,Core,Balanced,13,0,0
164685175,Core,Bestial,20,0.13863073526911335,0.02772614705382267
164685175,Core,Brawny,13,0.22604637633663666,0.029386028923762762
164685175,Core,Canny,13,0,0
164685175,Core,Cerulean,20,0.022377472940012612,0.004475494588002522
164685175,Core,Clutch,17,0.0647223026124226,0.01100279144411184
164685175,Core,Coveted (Overall),10,0.05120141836986957,0.005120141836986957
164685175,Core,Coveted (Team),10,0.2353503313158199,0.02353503313158199
164685175,Core,Crimson,19,0.22553638307853702,0.042851912784922036
164685175,Core,Dashing,13,0.7739536236633633,0.10061397107623722
164685175,Core,Elemental,20,0.2130038934815845,0.0426007786963169
164685175,Core,Emerald,22,0.17876520657539233,0.03932834544658631
164685175,Core,Glamorous,22,0.24820959327440076,0.054606110520368165
164685175,Core,Hirsute,15,0.1218174644274386,0.01827261966411579
164685175,Core,Otherworldly,19,0.14589359804548085,0.027719783628641362
164685175,Core,Sacrificial (Overall),20,0,0
164685175,Core,Sacrificial (Team),20,0,0
164685175,Core,Virtuoso,18,0,0
165564598,Core,Balanced,13,0.45173996154880774,0.058726195001345
165564598,Core,Bestial,20,0.27341880804761864,0.05468376160952373
165564598,Core,Brawny,13,0.5482600384511922,0.07127380499865499
165564598,Core,Canny,13,0,0
165564598,Core,Cerulean,20,0.08817885038734312,0.017635770077468624
165564598,Core,Clutch,17,0.10162421237803171,0.017276116104265393
165564598,Core,Coveted (Overall),10,0.07239947245981421,0.007239947245981421
165564598,Core,Coveted (Team),10,0.1502345185454798,0.015023451854547983
165564598,Core,Crimson,19,0.44215802800848836,0.08401002532161278
165564598,Core,Dashing,13,0,0
165564598,Core,Elemental,20,0.23295233979231478,0.04659046795846296
165564598,Core,Emerald,22,0.11839743986397389,0.02604743677007425
165564598,Core,Glamorous,22,0.01140662548260108,0.002509457606172238
165564598,Core,Hirsute,15,0.563242398389641,0.08448635975844615
165564598,Core,Otherworldly,19,0.16524722997768315,0.0313969736957598
165564598,Core,Sacrificial (Overall),20,0.08893561790322384,0.017787123580644767
165564598,Core,Sacrificial (Team),20,0.16801045821228378,0.033602091642456755
165564598,Core,Virtuoso,18,0.2732055982580671,0.04917700768645208
171262902,Core,Balanced,13,0.035718584369719426,0.004643415968063526
171262902,Core,Bestial,20,0.12189578334498503,0.024379156668997006
171262902,Core,Brawny,13,0.26159219855840077,0.0340069858125921
171262902,Core,Canny,13,0.07897926240714372,0.010267304112928683
171262902,Core,Cerulean,20,0.15839648367456155,0.03167929673491231
171262902,Core,Clutch,17,0.044814430075965035,0.0076184531129140564
171262902,Core,Coveted (Overall),10,0.1576510107879113,0.01576510107879113
171262902,Core,Coveted (Team),10,0.2686172825862227,0.02686172825862227
171262902,Core,Crimson,19,0.15324974298083377,0.029117451166358416
171262902,Core,Dashing,13,0.6237099546647361,0.08108229410641571
171262902,Core,Elemental,20,0.16876977633070397,0.0337539552661408
171262902,Core,Emerald,22,0.2024201441356262,0.04453243170983776
171262902,Core,Glamorous,22,0.0294745654271353,0.006484404393969766
171262902,Core,Hirsute,15,0.12246373771712926,0.018369560657569388
171262902,Core,Otherworldly,19,0.35792022521212696,0.06800484279030412
171262902,Core,Sacrificial (Overall),20,0.02395774076098519,0.0047915481521970385
171262902,Core,Sacrificial (Team),20,0.09536901138174236,0.019073802276348473
171262902,Core,Virtuoso,18,0.21861698733254542,0.039351057719858175
172099728,Core,Balanced,13,0.01021477959910126,0.0013279213478831638
172099728,Core,Bestial,20,0.05216458868827371,0.010432917737654741
172099728,Core,Brawny,13,0.32448275896504336,0.042182758665455636
172099728,Core,Canny,13,0,0
172099728,Core,Cerulean,20,0.10351031443616017,0.020702062887232035
172099728,Core,Clutch,17,0.10449297139018399,0.017763805136331277
172099728,Core,Coveted (Overall),10,0.15007869429542378,0.015007869429542377
172099728,Core,Coveted (Team),10,0.2664862586537315,0.02664862586537315
172099728,Core,Crimson,19,0.2118418603781005,0.04024995347183909
172099728,Core,Dashing,13,0.6653024614358554,0.08648931998666119
172099728,Core,Elemental,20,0.12029296799331185,0.02405859359866237
172099728,Core,Emerald,22,0.09408892901265925,0.020699564382785036
172099728,Core,Glamorous,22,0.11185907800435205,0.02460899716095745
172099728,Core,Hirsute,15,0.1252103919133786,0.01878155878700679
172099728,Core,Otherworldly,19,0.17235071480634923,0.03274663581320635
172099728,Core,Sacrificial (Overall),20,0.05658937967391307,0.011317875934782616
172099728,Core,Sacrificial (Team),20,0.08818914502646263,0.017637829005292528
172099728,Core,Virtuoso,18,0.2200616457610133,0.0396110962369824
173978074,Mid,Balanced,13,0.1737675346453938,0.022589779503901192
173978074,Mid,Bestial,20,0.18061874098126682,0.036123748196253365
173978074,Mid,Brawny,13,0.475555687271861,0.06182223934534193
173978074,Mid,Canny,13,0.235369854892809,0.03059808113606517
173978074,Mid,Cerulean,20,0.2425701081414598,0.04851402162829196
173978074,Mid,Clutch,17,0.0659076584365571,0.011204301934214707
173978074,Mid,Coveted (Overall),10,0.13987614932238432,0.013987614932238433
173978074,Mid,Coveted (Team),10,0.20919219923998836,0.02091921992399884
173978074,Mid,Crimson,19,0.4075470942223102,0.07743394790223895
173978074,Mid,Dashing,13,0.11530692318993631,0.014989900014691719
173978074,Mid,Elemental,20,0.17328593085451932,0.03465718617090387
173978074,Mid,Emerald,22,0.11551517463926383,0.025413338420638042
173978074,Mid,Glamorous,22,0.04221249575422458,0.009286749065929408
173978074,Mid,Hirsute,15,0.3560709512789052,0.05341064269183578
173978074,Mid,Otherworldly,19,0.22840557635681347,0.04339705950779456
173978074,Mid,Sacrificial (Overall),20,0.1467707288175494,0.02935414576350988
173978074,Mid,Sacrificial (Team),20,0.21804471607953463,0.04360894321590693
173978074,Mid,Virtuoso,18,0,0
184620877,Core,Balanced,13,0.5768254583073449,0.07498730957995484
184620877,Core,Bestial,20,0.19108728716693182,0.038217457433386365
184620877,Core,Brawny,13,0.34454203212460477,0.04479046417619861
184620877,Core,Canny,13,0.04390542234228156,0.005707704904496602
184620877,Core,Cerulean,20,0.06085237762067,0.012170475524133998
184620877,Core,Clutch,17,0.08152635972433411,0.013859481153136798
184620877,Core,Coveted (Overall),10,0.07554508785066966,0.007554508785066966
184620877,Core,Coveted (Team),10,0.13819033604275668,0.013819033604275667
184620877,Core,Crimson,19,0.27628777567066676,0.05249467737742668
184620877,Core,Dashing,13,0.03472708722576885,0.0045145213393499506
184620877,Core,Elemental,20,0.18771720192352037,0.03754344038470407
184620877,Core,Emerald,22,0.07323805703218907,0.016112372547081595
184620877,Core,Glamorous,22,0,0
184620877,Core,Hirsute,15,0.5490046820264196,0.08235070230396295
184620877,Core,Otherworldly,19,0.06978096892852455,0.013258384096419664
184620877,Core,Sacrificial (Overall),20,0.04217974775573504,0.008435949551147008
184620877,Core,Sacrificial (Team),20,0.17571520935784835,0.03514304187156967
184620877,Core,Virtuoso,18,0,0
185908355,Core,Balanced,13,0.011545567942415886,0.0015009238325140652
185908355,Core,Bestial,20,0.17129949138612538,0.03425989827722508
185908355,Core,Brawny,13,0.1153061710950661,0.014989802242358595
185908355,Core,Canny,13,0,0
185908355,Core,Cerulean,20,0.15350402673069774,0.03070080534613955
185908355,Core,Clutch,17,0.09768423781419615,0.016606320428413347
185908355,Core,Coveted (Overall),10,0.06785785511139879,0.0067857855111398795
185908355,Core,Coveted (Team),10,0.18797455347834893,0.018797455347834894
185908355,Core,Crimson,19,0.14154118838884022,0.02689282579387964
185908355,Core,Dashing,13,0.8731482609625181,0.11350927392512736
185908355,Core,Elemental,20,0.2823727868183457,0.05647455736366914
185908355,Core,Emerald,22,0.19730157492754496,0.04340634648405989
185908355,Core,Glamorous,22,0.15787641492056323,0.03473281128252391
185908355,Core,Hirsute,15,0.10543878600493614,0.015815817900740423
185908355,Core,Otherworldly,19,0.2467985089179863,0.04689171669441739
185908355,Core,Sacrificial (Overall),20,0.010640395415730478,0.0021280790831460956
185908355,Core,Sacrificial (Team),20,0.02423386654536676,0.0048467733090733515
185908355,Core,Virtuoso,18,0,0
193815691,Support,Balanced,13,0.18603811430757264,0.024184954859984443
193815691,Support,Bestial,20,0.13561497390688895,0.02712299478137779
193815691,Support,Brawny,13,0.4657370627865067,0.060545818162245864
193815691,Support,Canny,13,0.3004141108259513,0.03905383440737367
193815691,Support,Cerulean,20,0.06574887497365907,0.013149774994731814
193815691,Support,Clutch,17,0.11400770987942062,0.019381310679501506
193815691,Support,Coveted (Overall),10,0.011545567942415886,0.0011545567942415887
193815691,Support,Coveted (Team),10,0.018065042035480875,0.0018065042035480875
193815691,Support,Crimson,19,0.1463586018365718,0.02780813434894864
193815691,Support,Dashing,13,0.04781071207996941,0.006215392570396023
193815691,Support,Elemental,20,0.22379410487320414,0.044758820974640824
193815691,Support,Emerald,22,0.24496766404786874,0.053892886090531125
193815691,Support,Glamorous,22,0.006791118846942697,0.0014940461463273933
193815691,Support,Hirsute,15,0.3892353029387811,0.05838529544081717
193815691,Support,Otherworldly,19,0.09096848648071415,0.01728401243133569
193815691,Support,Sacrificial (Overall),20,0.07743289285659763,0.015486578571319526
193815691,Support,Sacrificial (Team),20,0.22919319086792173,0.04583863817358434
193815691,Support,Virtuoso,18,0,0
195108598,Core,Balanced,13,0.3000453354799707,0.03900589361239619
195108598,Core,Bestial,20,0.31909337413842115,0.06381867482768423
195108598,Core,Brawny,13,0.6358298336959636,0.08265787838047527
195108598,Core,Canny,13,0.030754290220367922,0.00399805772864783
195108598,Core,Cerulean,20,0.12539740390317095,0.025079480780634187
195108598,Core,Clutch,17,0.10449297139018399,0.017763805136331277
195108598,Core,Coveted (Overall),10,0.1681432319923066,0.016814323199230662
195108598,Core,Coveted (Team),10,0.27230281754292823,0.027230281754292825
195108598,Core,Crimson,19,0.2867790797906644,0.054488025160226244
195108598,Core,Dashing,13,0.03337054060369784,0.004338170278480719
195108598,Core,Elemental,20,0.286514519970817,0.0573029039941634
195108598,Core,Emerald,22,0.15111985839297035,0.033246368846453475
195108598,Core,Glamorous,22,0.03660090322963729,0.008052198710520203
195108598,Core,Hirsute,15,0.44488957531080553,0.06673343629662083
195108598,Core,Otherworldly,19,0.258324413489359,0.0490816385629782
195108598,Core,Sacrificial (Overall),20,0.10856906206981681,0.02171381241396336
195108598,Core,Sacrificial (Team),20,0.14638164483293725,0.02927632896658745
195108598,Core,Virtuoso,18,0,0
196878136,Support,Balanced,13,0.24268623066660525,0.03154920998665869
196878136,Support,Bestial,20,0.12177291544890509,0.02435458308978102
196878136,Support,Brawny,13,0.31704527917554814,0.04121588629282126
196878136,Support,Canny,13,0.4323952552294797,0.05621138317983236
196878136,Support,Cerulean,20,0.12751200096696821,0.025502400193393643
196878136,Support,Clutch,17,0.044814430075965035,0.0076184531129140564
196878136,Support,Coveted (Overall),10,0.025487059713560033,0.0025487059713560035
196878136,Support,Coveted (Team),10,0.11628302680104585,0.011628302680104586
196878136,Support,Crimson,19,0.2421397103936553,0.04600654497479451
196878136,Support,Dashing,13,0.007873234928366848,0.0010235205406876904
196878136,Support,Elemental,20,0.18584621928652661,0.03716924385730533
196878136,Support,Emerald,22,0.38752954651896526,0.08525650023417235
196878136,Support,Glamorous,22,0.02931732003181292,0.006449810406998843
196878136,Support,Hirsute,15,0.16189436683978806,0.02428415502596821
196878136,Support,Otherworldly,19,0.4155537398018093,0.07895521056234377
196878136,Support,Sacrificial (Overall),20,0.08189585768624512,0.016379171537249024
196878136,Support,Sacrificial (Team),20,0.1592153050957166,0.03184306101914332
196878136,Support,Virtuoso,18,0.04424424111045341,0.007963963399881613
201358612,Mid,Balanced,13,0.2949978625359982,0.03834972212967977
201358612,Mid,Bestial,20,0.10424175123971752,0.020848350247943504
201358612,Mid,Brawny,13,0.3812188273516548,0.04955844755571512
201358612,Mid,Canny,13,0.1583435572789593,0.02058466244626471
201358612,Mid,Cerulean,20,0.12182819512149436,0.024365639024298873
201358612,Mid,Clutch,17,0.045114645628464366,0.007669489756838942
201358612,Mid,Coveted (Overall),10,0.1658678307006709,0.016586783070067092
201358612,Mid,Coveted (Team),10,0.24156987616060133,0.02415698761606013
201358612,Mid,Crimson,19,0.2771498837701113,0.052658477916321146
201358612,Mid,Dashing,13,0.16543975283338774,0.021507167868340407
201358612,Mid,Elemental,20,0.2199284813786662,0.04398569627573324
201358612,Mid,Emerald,22,0.19541587132490199,0.042991491691478444
201358612,Mid,Glamorous,22,0,0
201358612,Mid,Hirsute,15,0.3611823692840056,0.054177355392600844
201358612,Mid,Otherworldly,19,0.46297443421418555,0.08796514250069526
201358612,Mid,Sacrificial (Overall),20,0.11400416576612983,0.022800833153225966
201358612,Mid,Sacrificial (Team),20,0.18303249289236545,0.03660649857847309
201358612,Mid,Virtuoso,18,0,0
221666230,Mid,Balanced,13,0.39647208599008943,0.051541371178711624
221666230,Mid,Bestial,20,0.16668088410445778,0.03333617682089156
221666230,Mid,Brawny,13,0.1225592681838767,0.01593270486390397
221666230,Mid,Canny,13,0.3127804120264622,0.04066145356344008
221666230,Mid,Cerulean,20,0.18844906903502778,0.037689813807005555
221666230,Mid,Clutch,17,0.10478626209531408,0.017813664556203396
221666230,Mid,Coveted (Overall),10,0.11811907535142686,0.011811907535142687
221666230,Mid,Coveted (Team),10,0.32029396813390576,0.03202939681339058
221666230,Mid,Crimson,19,0.3376641211789738,0.06415618302400503
221666230,Mid,Dashing,13,0.16818823379957162,0.02186447039394431
221666230,Mid,Elemental,20,0.08407724798539713,0.016815449597079427
221666230,Mid,Emerald,22,0.14701501972745315,0.032343304340039694
221666230,Mid,Glamorous,22,0.0047914160203509715,0.0010541115244772138
221666230,Mid,Hirsute,15,0.575083694700781,0.08626255420511715
221666230,Mid,Otherworldly,19,0.2565996003117927,0.04875392405924061
221666230,Mid,Sacrificial (Overall),20,0.10913200913693231,0.02182640182738646
221666230,Mid,Sacrificial (Team),20,0.24668920321258042,0.04933784064251609
221666230,Mid,Virtuoso,18,0.6034430460730846,0.10861974829315522
238239590,Mid,Balanced,13,0.3320834664174353,0.043170850634266594
238239590,Mid,Bestial,20,0.20906313343376992,0.04181262668675398
238239590,Mid,Brawny,13,0.2123583557592642,0.027606586248704348
238239590,Mid,Canny,13,0.23911384690157295,0.03108480009720448
238239590,Mid,Cerulean,20,0.31212412152829366,0.06242482430565874
238239590,Mid,Clutch,17,0.08152635972433411,0.013859481153136798
238239590,Mid,Coveted (Overall),10,0.12386523512764008,0.01238652351276401
238239590,Mid,Coveted (Team),10,0.42419373960906415,0.04241937396090641
238239590,Mid,Crimson,19,0.27392565594192714,0.052045874628966156
238239590,Mid,Dashing,13,0.21644433092172763,0.028137763019824593
238239590,Mid,Elemental,20,0.20875475626510032,0.04175095125302006
238239590,Mid,Emerald,22,0.06221304097004851,0.013686869013410673
238239590,Mid,Glamorous,22,0,0
238239590,Mid,Hirsute,15,0.30122749026915624,0.04518412354037344
238239590,Mid,Otherworldly,19,0.19959926729407196,0.037923860785873675
238239590,Mid,Sacrificial (Overall),20,0.09321058813502654,0.01864211762700531
238239590,Mid,Sacrificial (Team),20,0.24097513722016076,0.04819502744403215
238239590,Mid,Virtuoso,18,0.16817697119576278,0.0302718548152373
256156323,Support,Balanced,13,0.33870045806652166,0.04403105954864782
256156323,Support,Bestial,20,0.4968687556773627,0.09937375113547255
256156323,Support,Brawny,13,0.03372972492677431,0.00438486424048066
256156323,Support,Canny,13,0.627569817006704,0.08158407621087152
256156323,Support,Cerulean,20,0.06612172474699074,0.013224344949398148
256156323,Support,Clutch,17,0.04882997824722659,0.00830109630202852
256156323,Support,Coveted (Overall),10,0,0
256156323,Support,Coveted (Team),10,0.06753109116058487,0.006753109116058487
256156323,Support,Crimson,19,0.19130293916945354,0.03634755844219617
256156323,Support,Dashing,13,0,0
256156323,Support,Elemental,20,0.0200538478919751,0.00401076957839502
256156323,Support,Emerald,22,0.3146634959512252,0.06922596910926955
256156323,Support,Glamorous,22,0,0
256156323,Support,Hirsute,15,0.06612640791658955,0.009918961187488433
256156323,Support,Otherworldly,19,0.3354756962230594,0.06374038228238128
256156323,Support,Sacrificial (Overall),20,0.0503906078500685,0.0100781215700137
256156323,Support,Sacrificial (Team),20,0.0926088069175223,0.01852176138350446
256156323,Support,Virtuoso,18,0.019197246088697596,0.0034555042959655675
292921272,Core,Balanced,13,0.4631121162368283,0.06020457511078768
292921272,Core,Bestial,20,0.27606183038046755,0.05521236607609351
292921272,Core,Brawny,13,0.5109705153123805,0.06642616699060946
292921272,Core,Canny,13,0.025917368450791303,0.0033692578986028693
292921272,Core,Cerulean,20,0.09238081792639241,0.018476163585278482
292921272,Core,Clutch,17,0.06262855663930532,0.010646854628681902
292921272,Core,Coveted (Overall),10,0.18322143381308206,0.018322143381308206
292921272,Core,Coveted (Team),10,0.24439726597222544,0.02443972659722254
292921272,Core,Crimson,19,0.4604240663718375,0.08748057261064913
292921272,Core,Dashing,13,0,0
292921272,Core,Elemental,20,0.2558244085805282,0.051164881716105635
292921272,Core,Emerald,22,0.10207951749264978,0.02245749384838295
292921272,Core,Glamorous,22,0.025004268000188918,0.005500938960041561
292921272,Core,Hirsute,15,0.3607772291522883,0.05411658437284325
292921272,Core,Otherworldly,19,0.039391254834865316,0.0074843384186244095
292921272,Core,Sacrificial (Overall),20,0.18224462930796045,0.03644892586159209
292921272,Core,Sacrificial (Team),20,0.227672539936527,0.0455345079873054
292921272,Core,Virtuoso,18,0.13320113550863538,0.023976204391554366
301750126,Mid,Balanced,13,0.31243294394012044,0.04061628271221566
301750126,Mid,Bestial,20,0.04317672901883504,0.008635345803767009
301750126,Mid,Brawny,13,0.28114394090378375,0.036548712317491884
301750126,Mid,Canny,13,0.22648251294829516,0.029442726683278374
301750126,Mid,Cerulean,20,0.16326202087204855,0.03265240417440971
301750126,Mid,Clutch,17,0.11400770987942062,0.019381310679501506
301750126,Mid,Coveted (Overall),10,0.1423246894552311,0.014232468945523111
301750126,Mid,Coveted (Team),10,0.21408954511247943,0.021408954511247944
301750126,Mid,Crimson,19,0.35394952514426997,0.0672504097774113
301750126,Mid,Dashing,13,0.17994060220780067,0.023392278287014085
301750126,Mid,Elemental,20,0.21061778558571098,0.0421235571171422
301750126,Mid,Emerald,22,0.08623780354509383,0.018972316779920645
301750126,Mid,Glamorous,22,0.021378584681559468,0.004703288629943083
301750126,Mid,Hirsute,15,0.36756873347296937,0.0551353100209454
301750126,Mid,Otherworldly,19,0.28924161692551975,0.054955907215848754
301750126,Mid,Sacrificial (Overall),20,0.19952134809983124,0.03990426961996625
301750126,Mid,Sacrificial (Team),20,0.32490083158571137,0.06498016631714228
301750126,Mid,Virtuoso,18,0.46487516387803807,0.08367752949804685
302214028,Core,Balanced,13,0.30140092907456373,0.03918212077969328
302214028,Core,Bestial,20,0.3612304894059252,0.07224609788118505
302214028,Core,Brawny,13,0.6909464480500007,0.08982303824650009
302214028,Core,Canny,13,0,0
302214028,Core,Cerulean,20,0.18166681381700855,0.03633336276340171
302214028,Core,Clutch,17,0.04882997824722659,0.00830109630202852
302214028,Core,Coveted (Overall),10,0.11999287030972,0.011999287030971998
302214028,Core,Coveted (Team),10,0.3371250376545626,0.03371250376545626
302214028,Core,Crimson,19,0.46159523439764205,0.087703094535552
302214028,Core,Dashing,13,0.007652622875435544,9.948409738066207e-4
302214028,Core,Elemental,20,0.2071065221105909,0.04142130442211818
302214028,Core,Emerald,22,0.03866058622429679,0.008505328969345295
302214028,Core,Glamorous,22,0,0
302214028,Core,Hirsute,15,0.6192597964558496,0.09288896946837744
302214028,Core,Otherworldly,19,0.031396176150771275,0.005965273468646543
302214028,Core,Sacrificial (Overall),20,0.13812860049562506,0.02762572009912501
302214028,Core,Sacrificial (Team),20,0.17422909139308684,0.034845818278617366
302214028,Core,Virtuoso,18,0,0
317880638,Support,Balanced,13,0.6825427995643102,0.08873056394336032
317880638,Support,Bestial,20,0.3468222049783686,0.06936444099567371
317880638,Support,Brawny,13,0,0
317880638,Support,Canny,13,0.29397132614711197,0.038216272399124555
317880638,Support,Cerulean,20,0.024979312785314373,0.004995862557062874
317880638,Support,Clutch,17,0.105412892911138,0.017920191794893462
317880638,Support,Coveted (Overall),10,0,0
317880638,Support,Coveted (Team),10,0,0
317880638,Support,Crimson,19,0.03765219108119982,0.007153916305427966
317880638,Support,Dashing,13,0.023485874288577787,0.003053163657515112
317880638,Support,Elemental,20,0.1970838325952304,0.03941676651904608
317880638,Support,Emerald,22,0.34210854281144404,0.07526387941851768
317880638,Support,Glamorous,22,0,0
317880638,Support,Hirsute,15,0.23062100928264437,0.03459315139239666
317880638,Support,Otherworldly,19,0.048127368581225516,0.009144200030432847
317880638,Support,Sacrificial (Overall),20,0.0241884160242353,0.00483768320484706
317880638,Support,Sacrificial (Team),20,0.12535015892930065,0.025070031785860133
317880638,Support,Virtuoso,18,0.4245214436029091,0.07641385984852364
320252024,Core,Balanced,13,0.03666915119673706,0.004766989655575818
320252024,Core,Bestial,20,0.14341304680484857,0.028682609360969714
320252024,Core,Brawny,13,0.11060969032475237,0.01437925974221781
320252024,Core,Canny,13,0,0
320252024,Core,Cerulean,20,0.21214324053188308,0.042428648106376615
320252024,Core,Clutch,17,0.0659076584365571,0.011204301934214707
320252024,Core,Coveted (Overall),10,0.3207083142428206,0.03207083142428206
320252024,Core,Coveted (Team),10,0.522161899829446,0.05221618998294461
320252024,Core,Crimson,19,0.0844580298020838,0.016047025662395922
320252024,Core,Dashing,13,0.8527211584785106,0.11085375060220638
320252024,Core,Elemental,20,0.17321182500399762,0.03464236500079952
320252024,Core,Emerald,22,0.15139541167211917,0.033306990567866214
320252024,Core,Glamorous,22,0.07181338535521432,0.01579894477814715
320252024,Core,Hirsute,15,0.04409422624247237,0.006614133936370855
320252024,Core,Otherworldly,19,0.26472181639487485,0.05029714511502622
320252024,Core,Sacrificial (Overall),20,0.0077291799815941324,0.0015458359963188264
320252024,Core,Sacrificial (Team),20,0.05930983155274464,0.011861966310548928
320252024,Core,Virtuoso,18,0.1333134470496242,0.023996420468932356
321580662,Core,Balanced,13,0.02097262331627549,0.002726441031115814
321580662,Core,Bestial,20,0.15584099900909812,0.03116819980181962
321580662,Core,Brawny,13,0.1733574912797618,0.022536473866369033
321580662,Core,Canny,13,0.03626241694942376,0.0047141142034250886
321580662,Core,Cerulean,20,0.18713298303667114,0.03742659660733423
321580662,Core,Clutch,17,0.04882997824722659,0.00830109630202852
321580662,Core,Coveted (Overall),10,0.16821928817600454,0.016821928817600452
321580662,Core,Coveted (Team),10,0.2693084098846613,0.026930840988466133
321580662,Core,Crimson,19,0.18719031760661325,0.03556616034525652
321580662,Core,Dashing,13,0.769407468454539,0.10002297089909007
321580662,Core,Elemental,20,0.11655189000974236,0.023310378001948476
321580662,Core,Emerald,22,0.1566611810263143,0.03446545982578915
321580662,Core,Glamorous,22,0.036089278391002975,0.007939641246020654
321580662,Core,Hirsute,15,0.15356581319455992,0.023034871979183986
321580662,Core,Otherworldly,19,0.2871490280338238,0.05455831532642653
321580662,Core,Sacrificial (Overall),20,0.0603893282914778,0.012077865658295559
321580662,Core,Sacrificial (Team),20,0.08478254449858302,0.016956508899716605
321580662,Core,Virtuoso,18,0.5853447244452006,0.1053620504001361
331855530,Core,Balanced,13,0.29174538331596744,0.03792689983107577
331855530,Core,Bestial,20,0.31520211811370913,0.06304042362274183
331855530,Core,Brawny,13,0.7011800214836738,0.09115340279287759
331855530,Core,Canny,13,0.007074595200358885,9.196973760466551e-4
331855530,Core,Cerulean,20,0,0
331855530,Core,Clutch,17,0.10162662480107171,0.01727652621618219
331855530,Core,Coveted (Overall),10,0.24135279393856418,0.02413527939385642
331855530,Core,Coveted (Team),10,0.3310511775940975,0.033105117759409754
331855530,Core,Crimson,19,0.5931806831211955,0.11270432979302715
331855530,Core,Dashing,13,0,0
331855530,Core,Elemental,20,0.21397442358174448,0.0427948847163489
331855530,Core,Emerald,22,0.10769565412259893,0.023693043906971765
331855530,Core,Glamorous,22,0.0419522289029935,0.00922949035865857
331855530,Core,Hirsute,15,0.5429388093568087,0.08144082140352131
331855530,Core,Otherworldly,19,0.03878073483741984,0.007368339619109769
331855530,Core,Sacrificial (Overall),20,0.020140780113329988,0.004028156022665997
331855530,Core,Sacrificial (Team),20,0.08438699570772099,0.016877399141544198
331855530,Core,Virtuoso,18,0,0
339235645,Core,Balanced,13,0,0
339235645,Core,Bestial,20,0.032509990372477836,0.006501998074495568
339235645,Core,Brawny,13,0.33671860681070376,0.04377341888539149
339235645,Core,Canny,13,0,0
339235645,Core,Cerulean,20,0.12303688061399476,0.024607376122798952
339235645,Core,Clutch,17,0.06262855663930532,0.010646854628681902
339235645,Core,Coveted (Overall),10,0.15205287973502685,0.015205287973502686
339235645,Core,Coveted (Team),10,0.31220379496658324,0.031220379496658325
339235645,Core,Crimson,19,0.23373614382920146,0.04440986732754828
339235645,Core,Dashing,13,0.6632813931892964,0.08622658111460853
339235645,Core,Elemental,20,0.11697707921410863,0.023395415842821725
339235645,Core,Emerald,22,0.051097645595570465,0.011241482031025502
339235645,Core,Glamorous,22,0.052563395466245624,0.011563947002574038
339235645,Core,Hirsute,15,0.05954560525469339,0.008931840788204009
339235645,Core,Otherworldly,19,0.1850154687958871,0.035152939071218546
339235645,Core,Sacrificial (Overall),20,0.046276104466532055,0.009255220893306411
339235645,Core,Sacrificial (Team),20,0.10544907797445631,0.021089815594891263
339235645,Core,Virtuoso,18,0,0
346412363,Support,Balanced,13,0.31982487477132526,0.041577233720272284
346412363,Support,Bestial,20,0.2038013078809971,0.040760261576199414
346412363,Support,Brawny,13,0.2591827836406495,0.033693761873284434
346412363,Support,Canny,13,0.38416157997566946,0.04994100539683703
346412363,Support,Cerulean,20,0.10028750136595983,0.020057500273191965
346412363,Support,Clutch,17,0.08152635972433411,0.013859481153136798
346412363,Support,Coveted (Overall),10,0,0
346412363,Support,Coveted (Team),10,0.02934987160398859,0.002934987160398859
346412363,Support,Crimson,19,0.2606480539879232,0.049523130257705404
346412363,Support,Dashing,13,0.03683076161235588,0.004787999009606264
346412363,Support,Elemental,20,0.19223611998502216,0.03844722399700443
346412363,Support,Emerald,22,0.3080806817603905,0.0677777499872859
346412363,Support,Glamorous,22,0,0
346412363,Support,Hirsute,15,0.3787315006618899,0.05680972509928348
346412363,Support,Otherworldly,19,0.18153012595593576,0.0344907239316278
346412363,Support,Sacrificial (Overall),20,0.118467583063925,0.023693516612785
346412363,Support,Sacrificial (Team),20,0.18933391291159787,0.037866782582319576
346412363,Support,Virtuoso,18,0,0
375507918,Core,Balanced,13,0.025000334247859638,0.003250043452221753
375507918,Core,Bestial,20,0.1559170837538893,0.03118341675077786
375507918,Core,Brawny,13,0.1537093725775324,0.019982218435079212
375507918,Core,Canny,13,0.03476097979551858,0.004518927373417415
375507918,Core,Cerulean,20,0.20265870702743125,0.040531741405486245
375507918,Core,Clutch,17,0.11400770987942062,0.019381310679501506
375507918,Core,Coveted (Overall),10,0.21107974327761855,0.021107974327761854
375507918,Core,Coveted (Team),10,0.30169929568668624,0.030169929568668624
375507918,Core,Crimson,19,0.06764107502979949,0.012851804255661903
375507918,Core,Dashing,13,0.7865293133790895,0.10224881073928163
375507918,Core,Elemental,20,0.2182794834345121,0.043655896686902416
375507918,Core,Emerald,22,0.21082080049503193,0.04638057610890702
375507918,Core,Glamorous,22,0.08233666187742743,0.018114065613034035
375507918,Core,Hirsute,15,0.06399748717866571,0.009599623076799856
375507918,Core,Otherworldly,19,0.255009732947715,0.04845184926006585
375507918,Core,Sacrificial (Overall),20,0.027817865588122114,0.005563573117624423
375507918,Core,Sacrificial (Team),20,0.09092199925073177,0.018184399850146353
375507918,Core,Virtuoso,18,0.6623239154897168,0.11921830478814903
431770905,Support,Balanced,13,0.42250918673966154,0.054926194276156
431770905,Support,Bestial,20,0.2472615309439202,0.04945230618878404
431770905,Support,Brawny,13,0.2561429979650412,0.03329858973545535
431770905,Support,Canny,13,0.3213478152952972,0.04177521598838863
431770905,Support,Cerulean,20,0.11543015191857302,0.023086030383714606
431770905,Support,Clutch,17,0.105412892911138,0.017920191794893462
431770905,Support,Coveted (Overall),10,0.008168786412231708,8.168786412231707e-4
431770905,Support,Coveted (Team),10,0.015015967480167125,0.0015015967480167126
431770905,Support,Crimson,19,0.29727558669662346,0.05648236147235845
431770905,Support,Dashing,13,0,0
431770905,Support,Elemental,20,0.11655711860743997,0.023311423721487996
431770905,Support,Emerald,22,0.4594834283159007,0.10108635422949815
431770905,Support,Glamorous,22,0.004954440808249228,0.0010899769778148303
431770905,Support,Hirsute,15,0.10022248793624589,0.015033373190436882
431770905,Support,Otherworldly,19,0.4238722476316881,0.08053572705002074
431770905,Support,Sacrificial (Overall),20,0.14024245037575944,0.028048490075151887
431770905,Support,Sacrificial (Team),20,0.40598298880471767,0.08119659776094354
431770905,Support,Virtuoso,18,0,0
480412663,Mid,Balanced,13,0.21719379915391882,0.028235193890009443
480412663,Mid,Bestial,20,0.16569214097926058,0.03313842819585212
480412663,Mid,Brawny,13,0.22662122124323547,0.02946075876162061
480412663,Mid,Canny,13,0.41919815579553243,0.05449576025341922
480412663,Mid,Cerulean,20,0.37448500726375944,0.07489700145275188
480412663,Mid,Clutch,17,0.105412892911138,0.017920191794893462
480412663,Mid,Coveted (Overall),10,0.17798040509134638,0.01779804050913464
480412663,Mid,Coveted (Team),10,0.38254328433706875,0.03825432843370687
480412663,Mid,Crimson,19,0.23176327132759514,0.04403502155224308
480412663,Mid,Dashing,13,0.13698682380731325,0.017808287094950723
480412663,Mid,Elemental,20,0.09042449937059051,0.018084899874118102
480412663,Mid,Emerald,22,0.1277711153945663,0.028109645386804584
480412663,Mid,Glamorous,22,0.005910719806163348,0.0013003583573559367
480412663,Mid,Hirsute,15,0.49586701967415553,0.07438005295112333
480412663,Mid,Otherworldly,19,0.3886702674411335,0.07384735081381537
480412663,Mid,Sacrificial (Overall),20,0.08867378241728979,0.01773475648345796
480412663,Mid,Sacrificial (Team),20,0.19285278223515046,0.03857055644703009
480412663,Mid,Virtuoso,18,0.06691431829166344,0.01204457729249942
858106446,Mid,Balanced,13,0.27934009335692017,0.03631421213639962
858106446,Mid,Bestial,20,0.06752111668937338,0.013504223337874677
858106446,Mid,Brawny,13,0.3216226670222869,0.041810946712897305
858106446,Mid,Canny,13,0.23986188277703546,0.031182044761014608
858106446,Mid,Cerulean,20,0.2168167917342354,0.043363358346847083
858106446,Mid,Clutch,17,0.10162421237803171,0.017276116104265393
858106446,Mid,Coveted (Overall),10,0.24570146773532378,0.024570146773532378
858106446,Mid,Coveted (Team),10,0.44287866584369107,0.04428786658436911
858106446,Mid,Crimson,19,0.14493118339607478,0.027536924845254208
858106446,Mid,Dashing,13,0.15917535684375742,0.020692796389688465
858106446,Mid,Elemental,20,0.11172478575988642,0.022344957151977284
858106446,Mid,Emerald,22,0.24812506761081482,0.05458751487437926
858106446,Mid,Glamorous,22,0.009534909326139733,0.0020976800517507415
858106446,Mid,Hirsute,15,0.4320077220580507,0.0648011583087076
858106446,Mid,Otherworldly,19,0.3139604696475358,0.059652489233031805
858106446,Mid,Sacrificial (Overall),20,0.12516094351700874,0.025032188703401747
858106446,Mid,Sacrificial (Team),20,0.30084960859397736,0.06016992171879547
858106446,Mid,Virtuoso,18,0.3818231620585727,0.06872816917054309
