player_id,player_role,suffix_name,suffix_bonus,suffix_prob,effective_bonus
10366616,Support,of the Ant,16,0.26160487051731757,0.04185677928277081
10366616,Support,of the Bull,20,0.08446190711859551,0.016892381423719103
10366616,Support,of the Octopus,15,0.4809863958227618,0.07214795937341427
10366616,Support,of the Raven,25,0.05007993089743185,0.012519982724357963
10366616,Support,the Accomplice,10,0.3537034536821062,0.03537034536821062
10366616,Support,the Decisive,20,0.06203787494920173,0.012407574989840346
10366616,Support,the Divine Thief,25,0.03039631887035603,0.007599079717589007
10366616,Support,the Even-Keeled,20,0,0
10366616,Support,the Flayed Twins Acolyte,15,0.11277521407431175,0.016916282111146763
10366616,Support,the Loquacious,10,0,0
10366616,Support,the Mule,20,0.026866723001590858,0.005373344600318171
10366616,Support,the Nothl Pilgrim,16,0.25520681900487535,0.040833091040780055
10366616,Support,the Pacifist,16,0.04365327607086567,0.006984524171338507
10366616,Support,the Patient,20,0,0
10366616,Support,the Tormented,25,0.07481693355703999,0.018704233389259996
10366616,Support,the Underdog,15,0.4677835064697822,0.07016752597046733
16497807,Support,of the Ant,16,0.06659437662431768,0.010655100259890828
16497807,Support,of the Bull,20,0.066794175309028,0.013358835061805598
16497807,Support,of the Octopus,15,0.6433396133767509,0.09650094200651264
16497807,Support,of the Raven,25,0.009378964047329302,0.0023447410118323255
16497807,Support,the Accomplice,10,0.13841309533769527,0.013841309533769528
16497807,Support,the Decisive,20,0.1173391799961202,0.02346783599922404
16497807,Support,the Divine Thief,25,0.02708978031299084,0.00677244507824771
16497807,Support,the Even-Keeled,20,0,0
16497807,Support,the Flayed Twins Acolyte,15,0.23386705076760908,0.03508005761514136
16497807,Support,the Loquacious,10,0,0
16497807,Support,the Mule,20,0.007359754073389113,0.0014719508146778227
16497807,Support,the Nothl Pilgrim,16,0.1053056211540285,0.01684889938464456
16497807,Support,the Pacifist,16,0.027974059814698443,0.004475849570351751
16497807,Support,the Patient,20,0,0
16497807,Support,the Tormented,25,0.0296681059491163,0.007417026487279075
16497807,Support,the Underdog,15,0.4155896116610858,0.06233844174916287
25907144,Support,of the Ant,16,0.2004287215040195,0.03206859544064312
25907144,Support,of the Bull,20,0.09694017826100011,0.01938803565220002
25907144,Support,of the Octopus,15,0.41420983022299834,0.06213147453344975
25907144,Support,of the Raven,25,0.07698051744129861,0.019245129360324652
25907144,Support,the Accomplice,10,0.20984571798998006,0.020984571798998007
25907144,Support,the Decisive,20,0.03266513081192147,0.0065330261623842934
25907144,Support,the Divine Thief,25,0.0544951994925957,0.013623799873148925
25907144,Support,the Even-Keeled,20,0,0
25907144,Support,the Flayed Twins Acolyte,15,0.12422627408862597,0.018633941113293896
25907144,Support,the Loquacious,10,0.0062588497395805135,6.258849739580513e-4
25907144,Support,the Mule,20,0.09529268453957956,0.019058536907915914
25907144,Support,the Nothl Pilgrim,16,0.33494087921021476,0.05359054067363436
25907144,Support,the Pacifist,16,0.097499228174062,0.015599876507849919
25907144,Support,the Patient,20,0,0
25907144,Support,the Tormented,25,0.07678870080669356,0.01919717520167339
25907144,Support,the Underdog,15,0.6426979659753305,0.09640469489629958
54580962,Support,of the Ant,16,0.2073953809598441,0.03318326095357506
54580962,Support,of the Bull,20,0.15425235519416938,0.030850471038833874
54580962,Support,of the Octopus,15,0.5304114378423296,0.07956171567634944
54580962,Support,of the Raven,25,0.007837970703953867,0.0019594926759884668
54580962,Support,the Accomplice,10,0.2646358757684344,0.026463587576843438
54580962,Support,the Decisive,20,0.020354993125472707,0.004070998625094541
54580962,Support,the Divine Thief,25,0.03736522295225043,0.009341305738062607
54580962,Support,the Even-Keeled,20,0,0
54580962,Support,the Flayed Twins Acolyte,15,0.26265533681923225,0.03939830052288484
54580962,Support,the Loquacious,10,0.420609243310704,0.0420609243310704
54580962,Support,the Mule,20,0.08754671628136809,0.01750934325627362
54580962,Support,the Nothl Pilgrim,16,0.0973540923123691,0.015576654769979057
54580962,Support,the Pacifist,16,0.1077014967521395,0.017232239480342318
54580962,Support,the Patient,20,0,0
54580962,Support,the Tormented,25,0,0
54580962,Support,the Underdog,15,0.3670140732564509,0.055052110988467635
73562326,Core,of the Ant,16,0,0
73562326,Core,of the Bull,20,0.011431620478501789,0.002286324095700358
73562326,Core,of the Octopus,15,0.7337603658089397,0.11006405487134095
73562326,Core,of the Raven,25,0.007837970703953867,0.0019594926759884668
73562326,Core,the Accomplice,10,0.19698607319944106,0.019698607319944106
73562326,Core,the Decisive,20,0.020354993125472707,0.004070998625094541
73562326,Core,the Divine Thief,25,0.03736522295225043,0.009341305738062607
73562326,Core,the Even-Keeled,20,0,0
73562326,Core,the Flayed Twins Acolyte,15,0.26265533681923225,0.03939830052288484
73562326,Core,the Loquacious,10,0,0
73562326,Core,the Mule,20,0.012327886581106215,0.002465577316221243
73562326,Core,the Nothl Pilgrim,16,0.07671793789801347,0.012274870063682155
73562326,Core,the Pacifist,16,0.045097715790166124,0.00721563452642658
73562326,Core,the Patient,20,0,0
73562326,Core,the Tormented,25,0,0
73562326,Core,the Underdog,15,0.3670140732564509,0.055052110988467635
77490514,Support,of the Ant,16,0.12468364602385593,0.01994938336381695
77490514,Support,of the Bull,20,0.19218963172343406,0.03843792634468681
77490514,Support,of the Octopus,15,0.6778820157269537,0.10168230235904305
77490514,Support,of the Raven,25,0.007837970703953867,0.0019594926759884668
77490514,Support,the Accomplice,10,0.17778856167305157,0.01777885616730516
77490514,Support,the Decisive,20,0.020354993125472707,0.004070998625094541
77490514,Support,the Divine Thief,25,0.03736522295225043,0.009341305738062607
77490514,Support,the Even-Keeled,20,0,0
77490514,Support,the Flayed Twins Acolyte,15,0.26265533681923225,0.03939830052288484
77490514,Support,the Loquacious,10,0,0
77490514,Support,the Mule,20,0.1266073576827679,0.025321471536553578
77490514,Support,the Nothl Pilgrim,16,0.19177657970794448,0.030684252753271118
77490514,Support,the Pacifist,16,0.027063642414802563,0.00433018278636841
77490514,Support,the Patient,20,0,0
77490514,Support,the Tormented,25,0,0
77490514,Support,the Underdog,15,0.3670140732564509,0.055052110988467635
81306398,Support,of the Ant,16,0.4580563613399666,0.07328901781439465
81306398,Support,of the Bull,20,0.19051299379762726,0.03810259875952546
81306398,Support,of the Octopus,15,0.3523500804056347,0.05285251206084521
81306398,Support,of the Raven,25,0.034784683684007084,0.008696170921001771
81306398,Support,the Accomplice,10,0.1232166443704013,0.01232166443704013
81306398,Support,the Decisive,20,0.03135033264805292,0.006270066529610584
81306398,Support,the Divine Thief,25,0.05755479778643321,0.014388699446608302
81306398,Support,the Even-Keeled,20,0.012323963694658529,0.002464792738931706
81306398,Support,the Flayed Twins Acolyte,15,0.20637007602028484,0.030955511403042726
81306398,Support,the Loquacious,10,0,0
81306398,Support,the Mule,20,0.04010155619857117,0.008020311239714233
81306398,Support,the Nothl Pilgrim,16,0.1765762125232619,0.028252194003721903
81306398,Support,the Pacifist,16,0.10358364087303268,0.016573382539685228
81306398,Support,the Patient,20,0,0
81306398,Support,the Tormented,25,0.10713880936397946,0.026784702340994865
81306398,Support,the Underdog,15,0.653959777546885,0.09809396663203275
81475303,Support,of the Ant,16,0.27432832842663224,0.04389253254826116
81475303,Support,of the Bull,20,0.04143220960256166,0.008286441920512332
81475303,Support,of the Octopus,15,0.4599029978895692,0.06898544968343538
81475303,Support,of the Raven,25,0.022267378160497207,0.005566844540124302
81475303,Support,the Accomplice,10,0.124377771118991,0.0124377771118991
81475303,Support,the Decisive,20,0.05849977718909021,0.011699955437818042
81475303,Support,the Divine Thief,25,0.038670062295724214,0.009667515573931054
81475303,Support,the Even-Keeled,20,0,0
81475303,Support,the Flayed Twins Acolyte,15,0.2480526282322866,0.03720789423484299
81475303,Support,the Loquacious,10,0.12674956709807467,0.012674956709807467
81475303,Support,the Mule,20,0.03609205814267594,0.0072184116285351875
81475303,Support,the Nothl Pilgrim,16,0.21934661304017297,0.035095458086427674
81475303,Support,the Pacifist,16,0.15227097547443538,0.02436335607590966
81475303,Support,the Patient,20,0,0
81475303,Support,the Tormented,25,0.10606226270223497,0.026515565675558742
81475303,Support,the Underdog,15,0.41432126464044855,0.06214818969606729
84429681,Core,of the Ant,16,0,0
84429681,Core,of the Bull,20,0.06699425085823446,0.013398850171646891
84429681,Core,of the Octopus,15,0.7810237780821562,0.11715356671232342
84429681,Core,of the Raven,25,0.022267378160497207,0.005566844540124302
84429681,Core,the Accomplice,10,0.08273363000552059,0.008273363000552059
84429681,Core,the Decisive,20,0.05849977718909021,0.011699955437818042
84429681,Core,the Divine Thief,25,0.038670062295724214,0.009667515573931054
84429681,Core,the Even-Keeled,20,0,0
84429681,Core,the Flayed Twins Acolyte,15,0.2480526282322866,0.03720789423484299
84429681,Core,the Loquacious,10,0,0
84429681,Core,the Mule,20,0.06267833270259666,0.012535666540519332
84429681,Core,the Nothl Pilgrim,16,0.17867693312560162,0.02858830930009626
84429681,Core,the Pacifist,16,0.04744838317508359,0.007591741308013374
84429681,Core,the Patient,20,0,0
84429681,Core,the Tormented,25,0.10606226270223497,0.026515565675558742
84429681,Core,the Underdog,15,0.41432126464044855,0.06214818969606729
84853828,Support,of the Ant,16,0.1493740838664381,0.023899853418630098
84853828,Support,of the Bull,20,0.21396881970018536,0.04279376394003707
84853828,Support,of the Octopus,15,0.34668170812057303,0.052002256218085956
84853828,Support,of the Raven,25,0.034784683684007084,0.008696170921001771
84853828,Support,the Accomplice,10,0.16557755339494085,0.016557755339494086
84853828,Support,the Decisive,20,0.03135033264805292,0.006270066529610584
84853828,Support,the Divine Thief,25,0.05755479778643321,0.014388699446608302
84853828,Support,the Even-Keeled,20,0,0
84853828,Support,the Flayed Twins Acolyte,15,0.20637007602028484,0.030955511403042726
84853828,Support,the Loquacious,10,0.4603672938714615,0.04603672938714615
84853828,Support,the Mule,20,0,0
84853828,Support,the Nothl Pilgrim,16,0.5540265791556369,0.0886442526649019
84853828,Support,the Pacifist,16,0,0
84853828,Support,the Patient,20,0,0
84853828,Support,the Tormented,25,0.10713880936397946,0.026784702340994865
84853828,Support,the Underdog,15,0.653959777546885,0.09809396663203275
86698277,Core,of the Ant,16,0,0
86698277,Core,of the Bull,20,0.010743022746064373,0.0021486045492128745
86698277,Core,of the Octopus,15,0.6162999600581629,0.09244499400872444
86698277,Core,of the Raven,25,0.05007993089743185,0.012519982724357963
86698277,Core,the Accomplice,10,0.1065776390964723,0.010657763909647231
86698277,Core,the Decisive,20,0.06203787494920173,0.012407574989840346
86698277,Core,the Divine Thief,25,0.03039631887035603,0.007599079717589007
86698277,Core,the Even-Keeled,20,0,0
86698277,Core,the Flayed Twins Acolyte,15,0.11277521407431175,0.016916282111146763
86698277,Core,the Loquacious,10,0,0
86698277,Core,the Mule,20,0,0
86698277,Core,the Nothl Pilgrim,16,0.030523432640791485,0.0048837492225266375
86698277,Core,the Pacifist,16,0.06569501605237395,0.010511202568379832
86698277,Core,the Patient,20,0,0
86698277,Core,the Tormented,25,0.07481693355703999,0.018704233389259996
86698277,Core,the Underdog,15,0.4677835064697822,0.07016752597046733
86745912,Core,of the Ant,16,0,0
86745912,Core,of the Bull,20,0,0
86745912,Core,of the Octopus,15,0.775436553854154,0.11631548307812309
86745912,Core,of the Raven,25,0.07698051744129861,0.019245129360324652
86745912,Core,the Accomplice,10,0,0
86745912,Core,the Decisive,20,0.03266513081192147,0.0065330261623842934
86745912,Core,the Divine Thief,25,0.0544951994925957,0.013623799873148925
86745912,Core,the Even-Keeled,20,0,0
86745912,Core,the Flayed Twins Acolyte,15,0.12422627408862597,0.018633941113293896
86745912,Core,the Loquacious,10,0.007614847701346114,7.614847701346115e-4
86745912,Core,the Mule,20,0.035374402101121694,0.007074880420224338
86745912,Core,the Nothl Pilgrim,16,0.0488597052115855,0.00781755283385368
86745912,Core,the Pacifist,16,0.11346142958880738,0.01815382873420918
86745912,Core,the Patient,20,0,0
86745912,Core,the Tormented,25,0.07678870080669356,0.01919717520167339
86745912,Core,the Underdog,15,0.6426979659753305,0.09640469489629958
86822085,Core,of the Ant,16,0,0
86822085,Core,of the Bull,20,0.07460538922993606,0.014921077845987214
86822085,Core,of the Octopus,15,0.7149057142987568,0.10723585714481353
86822085,Core,of the Raven,25,0.034784683684007084,0.008696170921001771
86822085,Core,the Accomplice,10,0,0
86822085,Core,the Decisive,20,0.03135033264805292,0.006270066529610584
86822085,Core,the Divine Thief,25,0.05755479778643321,0.014388699446608302
86822085,Core,the Even-Keeled,20,0.018387919164184554,0.003677583832836911
86822085,Core,the Flayed Twins Acolyte,15,0.20637007602028484,0.030955511403042726
86822085,Core,the Loquacious,10,0.045227896589390984,0.004522789658939098
86822085,Core,the Mule,20,0,0
86822085,Core,the Nothl Pilgrim,16,0,0
86822085,Core,the Pacifist,16,0.01965605152033521,0.0031449682432536335
86822085,Core,the Patient,20,0,0
86822085,Core,the Tormented,25,0.10713880936397946,0.026784702340994865
86822085,Core,the Underdog,15,0.653959777546885,0.09809396663203275
87063175,Support,of the Ant,16,0.0808934516508474,0.012942952264135584
87063175,Support,of the Bull,20,0.038384263427200395,0.0076768526854400785
87063175,Support,of the Octopus,15,0.5431197035611258,0.08146795553416887
87063175,Support,of the Raven,25,0.022267378160497207,0.005566844540124302
87063175,Support,the Accomplice,10,0.2985801271575837,0.02985801271575837
87063175,Support,the Decisive,20,0.05849977718909021,0.011699955437818042
87063175,Support,the Divine Thief,25,0.038670062295724214,0.009667515573931054
87063175,Support,the Even-Keeled,20,0,0
87063175,Support,the Flayed Twins Acolyte,15,0.2480526282322866,0.03720789423484299
87063175,Support,the Loquacious,10,0,0
87063175,Support,the Mule,20,0.0644337803449145,0.012886756068982898
87063175,Support,the Nothl Pilgrim,16,0.04517828805473281,0.00722852608875725
87063175,Support,the Pacifist,16,0.09565919694514655,0.015305471511223447
87063175,Support,the Patient,20,0,0
87063175,Support,the Tormented,25,0.10606226270223497,0.026515565675558742
87063175,Support,the Underdog,15,0.41432126464044855,0.06214818969606729
91730177,Support,of the Ant,16,0.3508505458696882,0.05613608733915012
91730177,Support,of the Bull,20,0.10822502663856394,0.02164500532771279
91730177,Support,of the Octopus,15,0.5573553290498101,0.08360329935747152
91730177,Support,of the Raven,25,0.009378964047329302,0.0023447410118323255
91730177,Support,the Accomplice,10,0.36245932313851753,0.03624593231385175
91730177,Support,the Decisive,20,0.1173391799961202,0.02346783599922404
91730177,Support,the Divine Thief,25,0.02708978031299084,0.00677244507824771
91730177,Support,the Even-Keeled,20,0,0
91730177,Support,the Flayed Twins Acolyte,15,0.23386705076760908,0.03508005761514136
91730177,Support,the Loquacious,10,0,0
91730177,Support,the Mule,20,0.07048442078624044,0.014096884157248088
91730177,Support,the Nothl Pilgrim,16,0.27339691277093414,0.043743506043349464
91730177,Support,the Pacifist,16,0.0758308750266001,0.012132940004256016
91730177,Support,the Patient,20,0,0
91730177,Support,the Tormented,25,0.0296681059491163,0.007417026487279075
91730177,Support,the Underdog,15,0.4155896116610858,0.06233844174916287
94049589,Support,of the Ant,16,0.31875931192425916,0.05100148990788147
94049589,Support,of the Bull,20,0.07355976544859416,0.014711953089718833
94049589,Support,of the Octopus,15,0.48198403987201777,0.07229760598080266
94049589,Support,of the Raven,25,0.048043510326738745,0.012010877581684686
94049589,Support,the Accomplice,10,0.206234758156432,0.0206234758156432
94049589,Support,the Decisive,20,0.031228819112633994,0.006245763822526799
94049589,Support,the Divine Thief,25,0.09607158855215772,0.02401789713803943
94049589,Support,the Even-Keeled,20,0,0
94049589,Support,the Flayed Twins Acolyte,15,0.16637105143625167,0.02495565771543775
94049589,Support,the Loquacious,10,0.07606828850656824,0.007606828850656824
94049589,Support,the Mule,20,0,0
94049589,Support,the Nothl Pilgrim,16,0.3307081423967355,0.05291330278347768
94049589,Support,the Pacifist,16,0.049179774069764495,0.007868763851162319
94049589,Support,the Patient,20,0,0
94049589,Support,the Tormented,25,0.028379575973919467,0.0070948939934798675
94049589,Support,the Underdog,15,0.4130752048135484,0.06196128072203226
94054712,Mid,of the Ant,16,0,0
94054712,Mid,of the Bull,20,0.03142165076607629,0.006284330153215258
94054712,Mid,of the Octopus,15,0.7773890522964899,0.11660835784447349
94054712,Mid,of the Raven,25,0.029004600707147346,0.0072511501767868365
94054712,Mid,the Accomplice,10,0.08298708420309142,0.008298708420309142
94054712,Mid,the Decisive,20,0.08322888543242378,0.016645777086484757
94054712,Mid,the Divine Thief,25,0.013027042455413007,0.0032567606138532517
94054712,Mid,the Even-Keeled,20,0,0
94054712,Mid,the Flayed Twins Acolyte,15,0.10403948686306919,0.015605923029460378
94054712,Mid,the Loquacious,10,0,0
94054712,Mid,the Mule,20,0.09467402104844301,0.018934804209688603
94054712,Mid,the Nothl Pilgrim,16,0.04333621616063293,0.006933794585701269
94054712,Mid,the Pacifist,16,0,0
94054712,Mid,the Patient,20,0,0
94054712,Mid,the Tormented,25,0.09289422430078197,0.02322355607519549
94054712,Mid,the Underdog,15,0.4257948221009836,0.06386922331514755
94155156,Support,of the Ant,16,0.40771780618499065,0.0652348489895985
94155156,Support,of the Bull,20,0.04044869263451797,0.008089738526903595
94155156,Support,of the Octopus,15,0.5635115834669043,0.08452673752003564
94155156,Support,of the Raven,25,0.07698051744129861,0.019245129360324652
94155156,Support,the Accomplice,10,0.1814082598832306,0.018140825988323058
94155156,Support,the Decisive,20,0.03266513081192147,0.0065330261623842934
94155156,Support,the Divine Thief,25,0.0544951994925957,0.013623799873148925
94155156,Support,the Even-Keeled,20,0,0
94155156,Support,the Flayed Twins Acolyte,15,0.12422627408862597,0.018633941113293896
94155156,Support,the Loquacious,10,0.5642869281712022,0.05642869281712022
94155156,Support,the Mule,20,0.09207081408038797,0.018414162816077596
94155156,Support,the Nothl Pilgrim,16,0.2495788479031883,0.039932615664510125
94155156,Support,the Pacifist,16,0.07030706000995424,0.011249129601592679
94155156,Support,the Patient,20,0,0
94155156,Support,the Tormented,25,0.07678870080669356,0.01919717520167339
94155156,Support,the Underdog,15,0.6426979659753305,0.09640469489629958
94738847,Core,of the Ant,16,0,0
94738847,Core,of the Bull,20,0.021077765779476808,0.004215553155895362
94738847,Core,of the Octopus,15,0.7088900541003975,0.10633350811505964
94738847,Core,of the Raven,25,0.05493081895322801,0.013732704738307002
94738847,Core,the Accomplice,10,0.09943211100804702,0.009943211100804704
94738847,Core,the Decisive,20,0.09739252219367459,0.019478504438734917
94738847,Core,the Divine Thief,25,0,0
94738847,Core,the Even-Keeled,20,0,0
94738847,Core,the Flayed Twins Acolyte,15,0.2768785183278972,0.04153177774918459
94738847,Core,the Loquacious,10,0.016039196232282792,0.0016039196232282794
94738847,Core,the Mule,20,0,0
94738847,Core,the Nothl Pilgrim,16,0.08417716681328731,0.01346834669012597
94738847,Core,the Pacifist,16,0.06821232618370014,0.010913972189392022
94738847,Core,the Patient,20,0,0
94738847,Core,the Tormented,25,0.032247337183882084,0.008061834295970521
94738847,Core,the Underdog,15,0.36355491901440884,0.054533237852161326
94786276,Support,of the Ant,16,0.07008831968014317,0.011214131148822908
94786276,Support,of the Bull,20,0.02488757104075332,0.004977514208150664
94786276,Support,of the Octopus,15,0.5473273005824947,0.0820990950873742
94786276,Support,of the Raven,25,0.05007993089743185,0.012519982724357963
94786276,Support,the Accomplice,10,0.04526324733217346,0.004526324733217346
94786276,Support,the Decisive,20,0.06203787494920173,0.012407574989840346
94786276,Support,the Divine Thief,25,0.03039631887035603,0.007599079717589007
94786276,Support,the Even-Keeled,20,0,0
94786276,Support,the Flayed Twins Acolyte,15,0.11277521407431175,0.016916282111146763
94786276,Support,the Loquacious,10,0,0
94786276,Support,the Mule,20,0.02297387853473615,0.00459477570694723
94786276,Support,the Nothl Pilgrim,16,0.32379209446507096,0.051806735114411355
94786276,Support,the Pacifist,16,0.09882367247567757,0.01581178759610841
94786276,Support,the Patient,20,0,0
94786276,Support,the Tormented,25,0.07481693355703999,0.018704233389259996
94786276,Support,the Underdog,15,0.4677835064697822,0.07016752597046733
96803083,Mid,of the Ant,16,0,0
96803083,Mid,of the Bull,20,0.010640730481950954,0.0021281460963901906
96803083,Mid,of the Octopus,15,0.781519161047653,0.11722787415714794
96803083,Mid,of the Raven,25,0.08617547384264561,0.021543868460661406
96803083,Mid,the Accomplice,10,0.04369603485680295,0.004369603485680295
96803083,Mid,the Decisive,20,0.052613114545124934,0.010522622909024988
96803083,Mid,the Divine Thief,25,0.042883847388246826,0.010720961847061707
96803083,Mid,the Even-Keeled,20,0,0
96803083,Mid,the Flayed Twins Acolyte,15,0.1783049146441919,0.026745737196628788
96803083,Mid,the Loquacious,10,0.02544896668652368,0.0025448966686523683
96803083,Mid,the Mule,20,0.08475591766403497,0.01695118353280699
96803083,Mid,the Nothl Pilgrim,16,0,0
96803083,Mid,the Pacifist,16,0.02968242214494671,0.004749187543191474
96803083,Mid,the Patient,20,0,0
96803083,Mid,the Tormented,25,0.02934805951800028,0.00733701487950007
96803083,Mid,the Underdog,15,0.4998601869814551,0.07497902804721827
97590558,Core,of the Ant,16,0,0
97590558,Core,of the Bull,20,0.02708978031299084,0.005417956062598168
97590558,Core,of the Octopus,15,0.7331720364604439,0.1099758054690666
97590558,Core,of the Raven,25,0.009378964047329302,0.0023447410118323255
97590558,Core,the Accomplice,10,0.08643454840884861,0.008643454840884862
97590558,Core,the Decisive,20,0.1173391799961202,0.02346783599922404
97590558,Core,the Divine Thief,25,0.02708978031299084,0.00677244507824771
97590558,Core,the Even-Keeled,20,0,0
97590558,Core,the Flayed Twins Acolyte,15,0.23386705076760908,0.03508005761514136
97590558,Core,the Loquacious,10,0.028782490846157603,0.0028782490846157604
97590558,Core,the Mule,20,0,0
97590558,Core,the Nothl Pilgrim,16,0.007586208044878008,0.0012137932871804813
97590558,Core,the Pacifist,16,0.05875395306483819,0.00940063249037411
97590558,Core,the Patient,20,0,0
97590558,Core,the Tormented,25,0.0296681059491163,0.007417026487279075
97590558,Core,the Underdog,15,0.4155896116610858,0.06233844174916287
97658618,Core,of the Ant,16,0,0
97658618,Core,of the Bull,20,0.042832395535065335,0.008566479107013067
97658618,Core,of the Octopus,15,0.7372836608065912,0.11059254912098869
97658618,Core,of the Raven,25,0.05356465853521867,0.013391164633804666
97658618,Core,the Accomplice,10,0,0
97658618,Core,the Decisive,20,0.1110642294151505,0.022212845883030102
97658618,Core,the Divine Thief,25,0.02791471285848289,0.0069786782146207225
97658618,Core,the Even-Keeled,20,0,0
97658618,Core,the Flayed Twins Acolyte,15,0.18931158852176982,0.02839673827826547
97658618,Core,the Loquacious,10,0,0
97658618,Core,the Mule,20,0.06098058603937648,0.012196117207875296
97658618,Core,the Nothl Pilgrim,16,0.007837970703953867,0.0012540753126326187
97658618,Core,the Pacifist,16,0.047035386393020184,0.00752566182288323
97658618,Core,the Patient,20,0,0
97658618,Core,the Tormented,25,0.06496758097229625,0.016241895243074064
97658618,Core,the Underdog,15,0.5316747822340375,0.07975121733510564
100058342,Core,of the Ant,16,0,0
100058342,Core,of the Bull,20,0,0
100058342,Core,of the Octopus,15,0.8090985476585688,0.12136478214878534
100058342,Core,of the Raven,25,0.05007993089743185,0.012519982724357963
100058342,Core,the Accomplice,10,0,0
100058342,Core,the Decisive,20,0.06203787494920173,0.012407574989840346
100058342,Core,the Divine Thief,25,0.03039631887035603,0.007599079717589007
100058342,Core,the Even-Keeled,20,0,0
100058342,Core,the Flayed Twins Acolyte,15,0.11277521407431175,0.016916282111146763
100058342,Core,the Loquacious,10,0,0
100058342,Core,the Mule,20,0,0
100058342,Core,the Nothl Pilgrim,16,0.010321727736414791,0.0016514764378263666
100058342,Core,the Pacifist,16,0.048520989166851033,0.007763358266696166
100058342,Core,the Patient,20,0,0
100058342,Core,the Tormented,25,0.07481693355703999,0.018704233389259996
100058342,Core,the Underdog,15,0.4677835064697822,0.07016752597046733
100471531,Core,of the Ant,16,0,0
100471531,Core,of the Bull,20,0.026489058354258074,0.005297811670851614
100471531,Core,of the Octopus,15,0.8438361243344578,0.12657541865016866
100471531,Core,of the Raven,25,0.03968680671574504,0.00992170167893626
100471531,Core,the Accomplice,10,0.04705457301296287,0.004705457301296287
100471531,Core,the Decisive,20,0.024385525353948247,0.00487710507078965
100471531,Core,the Divine Thief,25,0.0660601494083985,0.016515037352099624
100471531,Core,the Even-Keeled,20,0,0
100471531,Core,the Flayed Twins Acolyte,15,0.0961835369459921,0.014427530541898817
100471531,Core,the Loquacious,10,0.05952422840871005,0.005952422840871005
100471531,Core,the Mule,20,0.013378774479763962,0.0026757548959527927
100471531,Core,the Nothl Pilgrim,16,0.14762971552505016,0.023620754484008025
100471531,Core,the Pacifist,16,0,0
100471531,Core,the Patient,20,0,0
100471531,Core,the Tormented,25,0.1045505988495933,0.026137649712398323
100471531,Core,the Underdog,15,0.5282542805773697,0.07923814208660546
101259972,Support,of the Ant,16,0.46930058865442004,0.0750880941847072
101259972,Support,of the Bull,20,0.08037574836191833,0.016075149672383663
101259972,Support,of the Octopus,15,0.3942759311974119,0.05914138967961178
101259972,Support,of the Raven,25,0.03968680671574504,0.00992170167893626
101259972,Support,the Accomplice,10,0.11403658518443069,0.01140365851844307
101259972,Support,the Decisive,20,0.024385525353948247,0.00487710507078965
101259972,Support,the Divine Thief,25,0.0660601494083985,0.016515037352099624
101259972,Support,the Even-Keeled,20,0,0
101259972,Support,the Flayed Twins Acolyte,15,0.0961835369459921,0.014427530541898817
101259972,Support,the Loquacious,10,0,0
101259972,Support,the Mule,20,0.11807591589357247,0.023615183178714493
101259972,Support,the Nothl Pilgrim,16,0.23062538809450822,0.03690006209512132
101259972,Support,the Pacifist,16,0.10144782752698245,0.01623165240431719
101259972,Support,the Patient,20,0,0
101259972,Support,the Tormented,25,0.1045505988495933,0.026137649712398323
101259972,Support,the Underdog,15,0.5282542805773697,0.07923814208660546
101695162,Support,of the Ant,16,0.027648060718030897,0.0044236897148849435
101695162,Support,of the Bull,20,0.11366702095226212,0.022733404190452427
101695162,Support,of the Octopus,15,0.6811240849160565,0.10216861273740846
101695162,Support,of the Raven,25,0.05493081895322801,0.013732704738307002
101695162,Support,the Accomplice,10,0.13159166788877344,0.013159166788877344
101695162,Support,the Decisive,20,0.09739252219367459,0.019478504438734917
101695162,Support,the Divine Thief,25,0,0
101695162,Support,the Even-Keeled,20,0,0
101695162,Support,the Flayed Twins Acolyte,15,0.2768785183278972,0.04153177774918459
101695162,Support,the Loquacious,10,0.01870732903604933,0.0018707329036049328
101695162,Support,the Mule,20,0,0
101695162,Support,the Nothl Pilgrim,16,0.05613220216425942,0.008981152346281506
101695162,Support,the Pacifist,16,0.015237236420668652,0.0024379578273069843
101695162,Support,the Patient,20,0,0
101695162,Support,the Tormented,25,0.032247337183882084,0.008061834295970521
101695162,Support,the Underdog,15,0.36355491901440884,0.054533237852161326
106305042,Mid,of the Ant,16,0,0
106305042,Mid,of the Bull,20,0.020375676291420144,0.004075135258284029
106305042,Mid,of the Octopus,15,0.9068936009509679,0.1360340401426452
106305042,Mid,of the Raven,25,0.07864734622556917,0.019661836556392292
106305042,Mid,the Accomplice,10,0.19889516053675754,0.019889516053675754
106305042,Mid,the Decisive,20,0.010743022746064373,0.0021486045492128745
106305042,Mid,the Divine Thief,25,0.02806110707381251,0.007015276768453127
106305042,Mid,the Even-Keeled,20,0,0
106305042,Mid,the Flayed Twins Acolyte,15,0.2031189771122362,0.03046784656683543
106305042,Mid,the Loquacious,10,0.06413432914542914,0.006413432914542915
106305042,Mid,the Mule,20,0.02297387853473615,0.00459477570694723
106305042,Mid,the Nothl Pilgrim,16,0,0
106305042,Mid,the Pacifist,16,0.043573240348362616,0.0069717184557380185
106305042,Mid,the Patient,20,0,0
106305042,Mid,the Tormented,25,0.09009170832404455,0.022522927081011133
106305042,Mid,the Underdog,15,0.12488849081478783,0.018733273622218174
106863163,Mid,of the Ant,16,0,0
106863163,Mid,of the Bull,20,0.0619946504125515,0.0123989300825103
106863163,Mid,of the Octopus,15,0.7104140670033753,0.1065621100505063
106863163,Mid,of the Raven,25,0.05493081895322801,0.013732704738307002
106863163,Mid,the Accomplice,10,0,0
106863163,Mid,the Decisive,20,0.09739252219367459,0.019478504438734917
106863163,Mid,the Divine Thief,25,0,0
106863163,Mid,the Even-Keeled,20,0,0
106863163,Mid,the Flayed Twins Acolyte,15,0.2768785183278972,0.04153177774918459
106863163,Mid,the Loquacious,10,0.10131050108528264,0.010131050108528264
106863163,Mid,the Mule,20,0.04126232661387016,0.008252465322774032
106863163,Mid,the Nothl Pilgrim,16,0.015237236420668652,0.0024379578273069843
106863163,Mid,the Pacifist,16,0.05218427800556661,0.008349484480890658
106863163,Mid,the Patient,20,0,0
106863163,Mid,the Tormented,25,0.032247337183882084,0.008061834295970521
106863163,Mid,the Underdog,15,0.36355491901440884,0.054533237852161326
107579895,Core,of the Ant,16,0,0
107579895,Core,of the Bull,20,0,0
107579895,Core,of the Octopus,15,0.4772756699059594,0.0715913504858939
107579895,Core,of the Raven,25,0.034784683684007084,0.008696170921001771
107579895,Core,the Accomplice,10,0.06107719908458631,0.0061077199084586305
107579895,Core,the Decisive,20,0.03135033264805292,0.006270066529610584
107579895,Core,the Divine Thief,25,0.05755479778643321,0.014388699446608302
107579895,Core,the Even-Keeled,20,0,0
107579895,Core,the Flayed Twins Acolyte,15,0.20637007602028484,0.030955511403042726
107579895,Core,the Loquacious,10,0.06325924514212429,0.006325924514212429
107579895,Core,the Mule,20,0,0
107579895,Core,the Nothl Pilgrim,16,0,0
107579895,Core,the Pacifist,16,0.035823626248250716,0.005731780199720114
107579895,Core,the Patient,20,0,0
107579895,Core,the Tormented,25,0.10713880936397946,0.026784702340994865
107579895,Core,the Underdog,15,0.653959777546885,0.09809396663203275
111114687,Support,of the Ant,16,0.2874663406426252,0.04599461450282003
111114687,Support,of the Bull,20,0.12621011454491854,0.02524202290898371
111114687,Support,of the Octopus,15,0.6186405494835074,0.09279608242252613
111114687,Support,of the Raven,25,0.0707440411899453,0.017686010297486326
111114687,Support,the Accomplice,10,0.18661606472643702,0.018661606472643703
111114687,Support,the Decisive,20,0.01456375436053016,0.002912750872106032
111114687,Support,the Divine Thief,25,0.03959462744897002,0.009898656862242505
111114687,Support,the Even-Keeled,20,0,0
111114687,Support,the Flayed Twins Acolyte,15,0.11903078841449266,0.017854618262173896
111114687,Support,the Loquacious,10,0.019712682625911342,0.001971268262591134
111114687,Support,the Mule,20,0.01890537996137352,0.003781075992274704
111114687,Support,the Nothl Pilgrim,16,0.25585315900989314,0.0409365054415829
111114687,Support,the Pacifist,16,0.06604912303282034,0.010567859685251256
111114687,Support,the Patient,20,0,0
111114687,Support,the Tormented,25,0.04964722642111267,0.012411806605278165
111114687,Support,the Underdog,15,0.3727620625376547,0.0559143093806482
113331514,Support,of the Ant,16,0.0710960055480641,0.011375360887690256
113331514,Support,of the Bull,20,0.044249374590364834,0.008849874918072966
113331514,Support,of the Octopus,15,0.6756197652441533,0.101342964786623
113331514,Support,of the Raven,25,0.07864734622556917,0.019661836556392292
113331514,Support,the Accomplice,10,0.3859222944868705,0.03859222944868705
113331514,Support,the Decisive,20,0.010743022746064373,0.0021486045492128745
113331514,Support,the Divine Thief,25,0.02806110707381251,0.007015276768453127
113331514,Support,the Even-Keeled,20,0,0
113331514,Support,the Flayed Twins Acolyte,15,0.2031189771122362,0.03046784656683543
113331514,Support,the Loquacious,10,0,0
113331514,Support,the Mule,20,0.06684047554415633,0.013368095108831267
113331514,Support,the Nothl Pilgrim,16,0.14889144589966674,0.023822631343946677
113331514,Support,the Pacifist,16,0.05759009388412722,0.009214415021460354
113331514,Support,the Patient,20,0,0
113331514,Support,the Tormented,25,0.09009170832404455,0.022522927081011133
113331514,Support,the Underdog,15,0.12488849081478783,0.018733273622218174
116934015,Core,of the Ant,16,0,0
116934015,Core,of the Bull,20,0.028782490846157603,0.005756498169231521
116934015,Core,of the Octopus,15,0.6133589542443219,0.09200384313664828
116934015,Core,of the Raven,25,0.009378964047329302,0.0023447410118323255
116934015,Core,the Accomplice,10,0.012319919939430646,0.0012319919939430646
116934015,Core,the Decisive,20,0.1173391799961202,0.02346783599922404
116934015,Core,the Divine Thief,25,0.02708978031299084,0.00677244507824771
116934015,Core,the Even-Keeled,20,0,0
116934015,Core,the Flayed Twins Acolyte,15,0.23386705076760908,0.03508005761514136
116934015,Core,the Loquacious,10,0.14906877818457215,0.014906877818457214
116934015,Core,the Mule,20,0.014776669570940147,0.002955333914188029
116934015,Core,the Nothl Pilgrim,16,0.09559031710736819,0.015294450737178911
116934015,Core,the Pacifist,16,0.03494980884468871,0.005591969415150193
116934015,Core,the Patient,20,0,0
116934015,Core,the Tormented,25,0.0296681059491163,0.007417026487279075
116934015,Core,the Underdog,15,0.4155896116610858,0.06233844174916287
117089283,Support,of the Ant,16,0.5096090133185442,0.08153744213096709
117089283,Support,of the Bull,20,0.08999129607613772,0.017998259215227543
117089283,Support,of the Octopus,15,0.38406556698058386,0.05760983504708758
117089283,Support,of the Raven,25,0.009916954099692643,0.002479238524923161
117089283,Support,the Accomplice,10,0.16690339772983523,0.016690339772983523
117089283,Support,the Decisive,20,0.0681535968096139,0.013630719361922781
117089283,Support,the Divine Thief,25,0.020375676291420144,0.005093919072855035
117089283,Support,the Even-Keeled,20,0,0
117089283,Support,the Flayed Twins Acolyte,15,0.15807323610654422,0.023710985415981635
117089283,Support,the Loquacious,10,0.04022274128274458,0.004022274128274458
117089283,Support,the Mule,20,0.10890949458407144,0.02178189891681429
117089283,Support,the Nothl Pilgrim,16,0.27384008944949084,0.043814414311918536
117089283,Support,the Pacifist,16,0.1599659077914907,0.02559454524663851
117089283,Support,the Patient,20,0,0
117089283,Support,the Tormented,25,0.04320637852707645,0.010801594631769112
117089283,Support,the Underdog,15,0.6634425904319365,0.09951638856479049
123023873,Mid,of the Ant,16,0,0
123023873,Mid,of the Bull,20,0.022770798717209852,0.004554159743441971
123023873,Mid,of the Octopus,15,0.912046528835294,0.1368069793252941
123023873,Mid,of the Raven,25,0.048043510326738745,0.012010877581684686
123023873,Mid,the Accomplice,10,0.021811799027594628,0.0021811799027594628
123023873,Mid,the Decisive,20,0.031228819112633994,0.006245763822526799
123023873,Mid,the Divine Thief,25,0.09607158855215772,0.02401789713803943
123023873,Mid,the Even-Keeled,20,0,0
123023873,Mid,the Flayed Twins Acolyte,15,0.16637105143625167,0.02495565771543775
123023873,Mid,the Loquacious,10,0,0
123023873,Mid,the Mule,20,0.019632053168163736,0.003926410633632748
123023873,Mid,the Nothl Pilgrim,16,0,0
123023873,Mid,the Pacifist,16,0.015088682036566041,0.0024141891258505667
123023873,Mid,the Patient,20,0,0
123023873,Mid,the Tormented,25,0.028379575973919467,0.0070948939934798675
123023873,Mid,the Underdog,15,0.4130752048135484,0.06196128072203226
124801257,Core,of the Ant,16,0,0
124801257,Core,of the Bull,20,0,0
124801257,Core,of the Octopus,15,0.8178236410025009,0.12267354615037514
124801257,Core,of the Raven,25,0,0
124801257,Core,the Accomplice,10,0.007556225521604553,7.556225521604552e-4
124801257,Core,the Decisive,20,0,0
124801257,Core,the Divine Thief,25,0.02574613606644552,0.00643653401661138
124801257,Core,the Even-Keeled,20,0,0
124801257,Core,the Flayed Twins Acolyte,15,0.12964761999950877,0.019447142999926316
124801257,Core,the Loquacious,10,0.09860664194456945,0.009860664194456945
124801257,Core,the Mule,20,0,0
124801257,Core,the Nothl Pilgrim,16,0.02574613606644552,0.004119381770631283
124801257,Core,the Pacifist,16,0.07730359413858084,0.012368575062172935
124801257,Core,the Patient,20,0,0
124801257,Core,the Tormented,25,0.06904750955717064,0.01726187738929266
124801257,Core,the Underdog,15,0.3666397326542877,0.054995959898143154
126212866,Core,of the Ant,16,0,0
126212866,Core,of the Bull,20,0.04469247073950468,0.008938494147900935
126212866,Core,of the Octopus,15,0.87266317551923,0.13089947632788448
126212866,Core,of the Raven,25,0.07698051744129861,0.019245129360324652
126212866,Core,the Accomplice,10,0.07765498462426883,0.007765498462426883
126212866,Core,the Decisive,20,0.03266513081192147,0.0065330261623842934
126212866,Core,the Divine Thief,25,0.0544951994925957,0.013623799873148925
126212866,Core,the Even-Keeled,20,0,0
126212866,Core,the Flayed Twins Acolyte,15,0.12422627408862597,0.018633941113293896
126212866,Core,the Loquacious,10,0.10780383152143813,0.010780383152143812
126212866,Core,the Mule,20,0,0
126212866,Core,the Nothl Pilgrim,16,0.09440481680089764,0.015104770688143622
126212866,Core,the Pacifist,16,0.058385869021563605,0.009341739043450177
126212866,Core,the Patient,20,0,0
126212866,Core,the Tormented,25,0.07678870080669356,0.01919717520167339
126212866,Core,the Underdog,15,0.6426979659753305,0.09640469489629958
126238768,Mid,of the Ant,16,0,0
126238768,Mid,of the Bull,20,0,0
126238768,Mid,of the Octopus,15,0.7698079579947286,0.11547119369920927
126238768,Mid,of the Raven,25,0.022267378160497207,0.005566844540124302
126238768,Mid,the Accomplice,10,0.06267833270259666,0.006267833270259666
126238768,Mid,the Decisive,20,0.05849977718909021,0.011699955437818042
126238768,Mid,the Divine Thief,25,0.038670062295724214,0.009667515573931054
126238768,Mid,the Even-Keeled,20,0,0
126238768,Mid,the Flayed Twins Acolyte,15,0.2480526282322866,0.03720789423484299
126238768,Mid,the Loquacious,10,0,0
126238768,Mid,the Mule,20,0,0
126238768,Mid,the Nothl Pilgrim,16,0.07660398035128409,0.012256636856205453
126238768,Mid,the Pacifist,16,0,0
126238768,Mid,the Patient,20,0,0
126238768,Mid,the Tormented,25,0.10606226270223497,0.026515565675558742
126238768,Mid,the Underdog,15,0.41432126464044855,0.06214818969606729
127565532,Support,of the Ant,16,0.3004416400156365,0.04807066240250184
127565532,Support,of the Bull,20,0.22957960047866316,0.045915920095732636
127565532,Support,of the Octopus,15,0.3602123724991754,0.054031855874876314
127565532,Support,of the Raven,25,0.07284363588783337,0.01821090897195834
127565532,Support,the Accomplice,10,0.14039872758246333,0.014039872758246332
127565532,Support,the Decisive,20,0.0478557574847322,0.009571151496946439
127565532,Support,the Divine Thief,25,0.033966118670640505,0.008491529667660126
127565532,Support,the Even-Keeled,20,0,0
127565532,Support,the Flayed Twins Acolyte,15,0.21451069619433363,0.032176604429150046
127565532,Support,the Loquacious,10,0.25252318019161546,0.025252318019161547
127565532,Support,the Mule,20,0.1083906764925195,0.0216781352985039
127565532,Support,the Nothl Pilgrim,16,0.38835521190130823,0.062136833904209314
127565532,Support,the Pacifist,16,0.08803038388894426,0.01408486142223108
127565532,Support,the Patient,20,0,0
127565532,Support,the Tormented,25,0.024195336247171257,0.006048834061792813
127565532,Support,the Underdog,15,0.5231341355888712,0.07847012033833069
131303632,Mid,of the Ant,16,0,0
131303632,Mid,of the Bull,20,0,0
131303632,Mid,of the Octopus,15,0.8406113701165752,0.12609170551748627
131303632,Mid,of the Raven,25,0.034784683684007084,0.008696170921001771
131303632,Mid,the Accomplice,10,0.033512424554815186,0.0033512424554815183
131303632,Mid,the Decisive,20,0.03135033264805292,0.006270066529610584
131303632,Mid,the Divine Thief,25,0.05755479778643321,0.014388699446608302
131303632,Mid,the Even-Keeled,20,0,0
131303632,Mid,the Flayed Twins Acolyte,15,0.20637007602028484,0.030955511403042726
131303632,Mid,the Loquacious,10,0,0
131303632,Mid,the Mule,20,0.06107719908458631,0.012215439816917261
131303632,Mid,the Nothl Pilgrim,16,0.08646446516924315,0.013834314427078904
131303632,Mid,the Pacifist,16,0,0
131303632,Mid,the Patient,20,0,0
131303632,Mid,the Tormented,25,0.10713880936397946,0.026784702340994865
131303632,Mid,the Underdog,15,0.653959777546885,0.09809396663203275
132851371,Core,of the Ant,16,0,0
132851371,Core,of the Bull,20,0.03381092651968503,0.006762185303937006
132851371,Core,of the Octopus,15,0.6968596843801054,0.10452895265701581
132851371,Core,of the Raven,25,0.006350306351611704,0.001587576587902926
132851371,Core,the Accomplice,10,0.029083297910590472,0.002908329791059047
132851371,Core,the Decisive,20,0.0499548391084614,0.00999096782169228
132851371,Core,the Divine Thief,25,0,0
132851371,Core,the Even-Keeled,20,0,0
132851371,Core,the Flayed Twins Acolyte,15,0.16256937123172788,0.02438540568475918
132851371,Core,the Loquacious,10,0.03610255598379702,0.003610255598379702
132851371,Core,the Mule,20,0.010049878808845676,0.0020099757617691354
132851371,Core,the Nothl Pilgrim,16,0.03493795740367453,0.005590073184587925
132851371,Core,the Pacifist,16,0.03599278815123035,0.005758846104196857
132851371,Core,the Patient,20,0,0
132851371,Core,the Tormented,25,0.03610255598379702,0.009025638995949254
132851371,Core,the Underdog,15,0.5078806794247388,0.07618210191371082
134556694,Support,of the Ant,16,0.5237473043540094,0.0837995686966415
134556694,Support,of the Bull,20,0.22546784423732746,0.045093568847465494
134556694,Support,of the Octopus,15,0.28193628897541867,0.0422904433463128
134556694,Support,of the Raven,25,0.006350306351611704,0.001587576587902926
134556694,Support,the Accomplice,10,0.23922085340331736,0.023922085340331738
134556694,Support,the Decisive,20,0.0499548391084614,0.00999096782169228
134556694,Support,the Divine Thief,25,0,0
134556694,Support,the Even-Keeled,20,0,0
134556694,Support,the Flayed Twins Acolyte,15,0.16256937123172788,0.02438540568475918
134556694,Support,the Loquacious,10,0,0
134556694,Support,the Mule,20,0,0
134556694,Support,the Nothl Pilgrim,16,0.3767371962040415,0.06027795139264664
134556694,Support,the Pacifist,16,0.08293764497744434,0.013270023196391095
134556694,Support,the Patient,20,0,0
134556694,Support,the Tormented,25,0.03610255598379702,0.009025638995949254
134556694,Support,the Underdog,15,0.5078806794247388,0.07618210191371082
136829091,Support,of the Ant,16,0.41687673386548557,0.06670027741847769
136829091,Support,of the Bull,20,0.025344963351120207,0.005068992670224042
136829091,Support,of the Octopus,15,0.36423644158224777,0.054635466237337164
136829091,Support,of the Raven,25,0.05356465853521867,0.013391164633804666
136829091,Support,the Accomplice,10,0.27367087623347836,0.027367087623347833
136829091,Support,the Decisive,20,0.1110642294151505,0.022212845883030102
136829091,Support,the Divine Thief,25,0.02791471285848289,0.0069786782146207225
136829091,Support,the Even-Keeled,20,0,0
136829091,Support,the Flayed Twins Acolyte,15,0.18931158852176982,0.02839673827826547
136829091,Support,the Loquacious,10,0.12788633162924373,0.012788633162924374
136829091,Support,the Mule,20,0.051302171923170416,0.010260434384634082
136829091,Support,the Nothl Pilgrim,16,0.20855247198156374,0.033368395517050196
136829091,Support,the Pacifist,16,0.11039295347044709,0.017662872555271533
136829091,Support,the Patient,20,0,0
136829091,Support,the Tormented,25,0.06496758097229625,0.016241895243074064
136829091,Support,the Underdog,15,0.5316747822340375,0.07975121733510564
145065875,Support,of the Ant,16,0.05909635207750835,0.009455416332401337
145065875,Support,of the Bull,20,0.09258410124194592,0.018516820248389184
145065875,Support,of the Octopus,15,0.5871614233734891,0.08807421350602336
145065875,Support,of the Raven,25,0.048043510326738745,0.012010877581684686
145065875,Support,the Accomplice,10,0.26626115877908746,0.026626115877908748
145065875,Support,the Decisive,20,0.031228819112633994,0.006245763822526799
145065875,Support,the Divine Thief,25,0.09607158855215772,0.02401789713803943
145065875,Support,the Even-Keeled,20,0,0
145065875,Support,the Flayed Twins Acolyte,15,0.16637105143625167,0.02495565771543775
145065875,Support,the Loquacious,10,0,0
145065875,Support,the Mule,20,0.017670138584626006,0.003534027716925201
145065875,Support,the Nothl Pilgrim,16,0.13818263142806064,0.022109221028489702
145065875,Support,the Pacifist,16,0.0369249841079379,0.005907997457270065
145065875,Support,the Patient,20,0,0
145065875,Support,the Tormented,25,0.028379575973919467,0.0070948939934798675
145065875,Support,the Underdog,15,0.4130752048135484,0.06196128072203226
145957968,Core,of the Ant,16,0,0
145957968,Core,of the Bull,20,0.02349698453598262,0.004699396907196524
145957968,Core,of the Octopus,15,0.6867899212508455,0.10301848818762682
145957968,Core,of the Raven,25,0.0707440411899453,0.017686010297486326
145957968,Core,the Accomplice,10,0.07181936730810769,0.0071819367308107685
145957968,Core,the Decisive,20,0.01456375436053016,0.002912750872106032
145957968,Core,the Divine Thief,25,0.03959462744897002,0.009898656862242505
145957968,Core,the Even-Keeled,20,0,0
145957968,Core,the Flayed Twins Acolyte,15,0.11903078841449266,0.017854618262173896
145957968,Core,the Loquacious,10,0,0
145957968,Core,the Mule,20,0.04921108968861208,0.009842217937722416
145957968,Core,the Nothl Pilgrim,16,0.05248236246564544,0.00839717799450327
145957968,Core,the Pacifist,16,0.07843420673894537,0.012549473078231259
145957968,Core,the Patient,20,0,0
145957968,Core,the Tormented,25,0.04964722642111267,0.012411806605278165
145957968,Core,the Underdog,15,0.3727620625376547,0.0559143093806482
150961567,Support,of the Ant,16,0.1309225533702409,0.020947608539238542
150961567,Support,of the Bull,20,0.1260932993719604,0.025218659874392077
150961567,Support,of the Octopus,15,0.5944062577576812,0.08916093866365218
150961567,Support,of the Raven,25,0.0707440411899453,0.017686010297486326
150961567,Support,the Accomplice,10,0.27919845422150835,0.027919845422150837
150961567,Support,the Decisive,20,0.01456375436053016,0.002912750872106032
150961567,Support,the Divine Thief,25,0.03959462744897002,0.009898656862242505
150961567,Support,the Even-Keeled,20,0,0
150961567,Support,the Flayed Twins Acolyte,15,0.11903078841449266,0.017854618262173896
150961567,Support,the Loquacious,10,0.017013663838018955,0.0017013663838018956
150961567,Support,the Mule,20,0,0
150961567,Support,the Nothl Pilgrim,16,0.12373823936043327,0.019798118297669323
150961567,Support,the Pacifist,16,0.12487344007429775,0.01997975041188764
150961567,Support,the Patient,20,0,0
150961567,Support,the Tormented,25,0.04964722642111267,0.012411806605278165
150961567,Support,the Underdog,15,0.3727620625376547,0.0559143093806482
152545459,Core,of the Ant,16,0,0
152545459,Core,of the Bull,20,0,0
152545459,Core,of the Octopus,15,0.897566361533671,0.13463495423005065
152545459,Core,of the Raven,25,0.07195216764328698,0.017988041910821744
152545459,Core,the Accomplice,10,0.08018173341476498,0.008018173341476498
152545459,Core,the Decisive,20,0.06567919360384748,0.013135838720769497
152545459,Core,the Divine Thief,25,0.03368592093316421,0.008421480233291052
152545459,Core,the Even-Keeled,20,0,0
152545459,Core,the Flayed Twins Acolyte,15,0.2180544951293604,0.03270817426940406
152545459,Core,the Loquacious,10,0.34400357880630494,0.03440035788063049
152545459,Core,the Mule,20,0,0
152545459,Core,the Nothl Pilgrim,16,0,0
152545459,Core,the Pacifist,16,0.025562041255672813,0.00408992660090765
152545459,Core,the Patient,20,0,0
152545459,Core,the Tormented,25,0.0494566934655642,0.012364173366391052
152545459,Core,the Underdog,15,0.5275940134911681,0.07913910202367522
152962063,Core,of the Ant,16,0,0
152962063,Core,of the Bull,20,0,0
152962063,Core,of the Octopus,15,0.8184014308417423,0.12276021462626135
152962063,Core,of the Raven,25,0.007837970703953867,0.0019594926759884668
152962063,Core,the Accomplice,10,0,0
152962063,Core,the Decisive,20,0.020354993125472707,0.004070998625094541
152962063,Core,the Divine Thief,25,0.03736522295225043,0.009341305738062607
152962063,Core,the Even-Keeled,20,0,0
152962063,Core,the Flayed Twins Acolyte,15,0.26265533681923225,0.03939830052288484
152962063,Core,the Loquacious,10,0.0750449109222002,0.00750449109222002
152962063,Core,the Mule,20,0,0
152962063,Core,the Nothl Pilgrim,16,0.012327886581106215,0.0019724618529769946
152962063,Core,the Pacifist,16,0.03049710525566627,0.004879536840906603
152962063,Core,the Patient,20,0,0
152962063,Core,the Tormented,25,0,0
152962063,Core,the Underdog,15,0.3670140732564509,0.055052110988467635
153836240,Mid,of the Ant,16,0,0
153836240,Mid,of the Bull,20,0.02124100634400945,0.00424820126880189
153836240,Mid,of the Octopus,15,0.7290629891004632,0.10935944836506949
153836240,Mid,of the Raven,25,0.009916954099692643,0.002479238524923161
153836240,Mid,the Accomplice,10,0.0074947927953145635,7.494792795314563e-4
153836240,Mid,the Decisive,20,0.0681535968096139,0.013630719361922781
153836240,Mid,the Divine Thief,25,0.020375676291420144,0.005093919072855035
153836240,Mid,the Even-Keeled,20,0,0
153836240,Mid,the Flayed Twins Acolyte,15,0.15807323610654422,0.023710985415981635
153836240,Mid,the Loquacious,10,0.21468967688347038,0.021468967688347038
153836240,Mid,the Mule,20,0.010743022746064373,0.0021486045492128745
153836240,Mid,the Nothl Pilgrim,16,0.17147751208392753,0.027436401933428403
153836240,Mid,the Pacifist,16,0.0126073229977405,0.00201717167963848
153836240,Mid,the Patient,20,0,0
153836240,Mid,the Tormented,25,0.04320637852707645,0.010801594631769112
153836240,Mid,the Underdog,15,0.6634425904319365,0.09951638856479049
154715080,Mid,of the Ant,16,0,0
154715080,Mid,of the Bull,20,0,0
154715080,Mid,of the Octopus,15,0.6516460993610647,0.0977469149041597
154715080,Mid,of the Raven,25,0.07698051744129861,0.019245129360324652
154715080,Mid,the Accomplice,10,0,0
154715080,Mid,the Decisive,20,0.03266513081192147,0.0065330261623842934
154715080,Mid,the Divine Thief,25,0.0544951994925957,0.013623799873148925
154715080,Mid,the Even-Keeled,20,0,0
154715080,Mid,the Flayed Twins Acolyte,15,0.12422627408862597,0.018633941113293896
154715080,Mid,the Loquacious,10,0,0
154715080,Mid,the Mule,20,0.014262466933690088,0.0028524933867380177
154715080,Mid,the Nothl Pilgrim,16,0.036559040892758646,0.005849446542841383
154715080,Mid,the Pacifist,16,0,0
154715080,Mid,the Patient,20,0,0
154715080,Mid,the Tormented,25,0.07678870080669356,0.01919717520167339
154715080,Mid,the Underdog,15,0.6426979659753305,0.09640469489629958
155332459,Support,of the Ant,16,0.08693877229800634,0.013910203567681014
155332459,Support,of the Bull,20,0.04193599448850908,0.008387198897701816
155332459,Support,of the Octopus,15,0.5923344698176305,0.08885017047264457
155332459,Support,of the Raven,25,0.009916954099692643,0.002479238524923161
155332459,Support,the Accomplice,10,0.2771266481109268,0.027712664811092677
155332459,Support,the Decisive,20,0.0681535968096139,0.013630719361922781
155332459,Support,the Divine Thief,25,0.020375676291420144,0.005093919072855035
155332459,Support,the Even-Keeled,20,0.014214944478688941,0.002842988895737788
155332459,Support,the Flayed Twins Acolyte,15,0.15807323610654422,0.023710985415981635
155332459,Support,the Loquacious,10,0,0
155332459,Support,the Mule,20,0,0
155332459,Support,the Nothl Pilgrim,16,0.3143914893540211,0.05030263829664338
155332459,Support,the Pacifist,16,0.11084904211111613,0.01773584673777858
155332459,Support,the Patient,20,0,0
155332459,Support,the Tormented,25,0.04320637852707645,0.010801594631769112
155332459,Support,the Underdog,15,0.6634425904319365,0.09951638856479049
158847773,Support,of the Ant,16,0.3655892804413247,0.05849428487061195
158847773,Support,of the Bull,20,0.18766196707389304,0.03753239341477861
158847773,Support,of the Octopus,15,0.44276329388009955,0.06641449408201494
158847773,Support,of the Raven,25,0.05493081895322801,0.013732704738307002
158847773,Support,the Accomplice,10,0.43080167443047085,0.04308016744304709
158847773,Support,the Decisive,20,0.09739252219367459,0.019478504438734917
158847773,Support,the Divine Thief,25,0,0
158847773,Support,the Even-Keeled,20,0,0
158847773,Support,the Flayed Twins Acolyte,15,0.2768785183278972,0.04153177774918459
158847773,Support,the Loquacious,10,0.08960301693345454,0.008960301693345454
158847773,Support,the Mule,20,0.03202180661172875,0.006404361322345751
158847773,Support,the Nothl Pilgrim,16,0.24021014433516222,0.038433623093625954
158847773,Support,the Pacifist,16,0.06624089612211281,0.01059854337953805
158847773,Support,the Patient,20,0,0
158847773,Support,the Tormented,25,0.032247337183882084,0.008061834295970521
158847773,Support,the Underdog,15,0.36355491901440884,0.054533237852161326
161839895,Support,of the Ant,16,0.08764460999586486,0.014023137599338377
161839895,Support,of the Bull,20,0.1429615575109248,0.028592311502184956
161839895,Support,of the Octopus,15,0.5931664038843915,0.08897496058265872
161839895,Support,of the Raven,25,0.006350306351611704,0.001587576587902926
161839895,Support,the Accomplice,10,0.050240455390414634,0.005024045539041464
161839895,Support,the Decisive,20,0.0499548391084614,0.00999096782169228
161839895,Support,the Divine Thief,25,0,0
161839895,Support,the Even-Keeled,20,0,0
161839895,Support,the Flayed Twins Acolyte,15,0.16256937123172788,0.02438540568475918
161839895,Support,the Loquacious,10,0.19329955269981222,0.019329955269981224
161839895,Support,the Mule,20,0.01813379612422939,0.003626759224845878
161839895,Support,the Nothl Pilgrim,16,0.05854619185011405,0.009367390696018248
161839895,Support,the Pacifist,16,0.06560766227550809,0.010497225964081293
161839895,Support,the Patient,20,0,0
161839895,Support,the Tormented,25,0.03610255598379702,0.009025638995949254
161839895,Support,the Underdog,15,0.5078806794247388,0.07618210191371082
164685175,Core,of the Ant,16,0,0
164685175,Core,of the Bull,20,0,0
164685175,Core,of the Octopus,15,0.841278078497844,0.12619171177467658
164685175,Core,of the Raven,25,0.01890551166811108,0.00472637791702777
164685175,Core,the Accomplice,10,0,0
164685175,Core,the Decisive,20,0.07179364909771208,0.014358729819542415
164685175,Core,the Divine Thief,25,0.04052564325908736,0.010131410814771842
164685175,Core,the Even-Keeled,20,0,0
164685175,Core,the Flayed Twins Acolyte,15,0.24920147095611783,0.03738022064341767
164685175,Core,the Loquacious,10,0,0
164685175,Core,the Mule,20,0,0
164685175,Core,the Nothl Pilgrim,16,0.044578207584996095,0.007132513213599375
164685175,Core,the Pacifist,16,0.1311272433933419,0.020980358942934704
164685175,Core,the Patient,20,0,0
164685175,Core,the Tormented,25,0.12573328027555736,0.03143332006888934
164685175,Core,the Underdog,15,0.3565778954720212,0.053486684320803175
165564598,Core,of the Ant,16,0,0
165564598,Core,of the Bull,20,0,0
165564598,Core,of the Octopus,15,0.6772785934874758,0.10159178902312137
165564598,Core,of the Raven,25,0.006350306351611704,0.001587576587902926
165564598,Core,the Accomplice,10,0.18416772350868355,0.018416772350868357
165564598,Core,the Decisive,20,0.0499548391084614,0.00999096782169228
165564598,Core,the Divine Thief,25,0,0
165564598,Core,the Even-Keeled,20,0,0
165564598,Core,the Flayed Twins Acolyte,15,0.16256937123172788,0.02438540568475918
165564598,Core,the Loquacious,10,0.05959683106437989,0.00595968310643799
165564598,Core,the Mule,20,0.05474245189650449,0.0109484903793009
165564598,Core,the Nothl Pilgrim,16,0.011778156897142043,0.0018845051035427268
165564598,Core,the Pacifist,16,0.06336356710395809,0.010138170736633294
165564598,Core,the Patient,20,0,0
165564598,Core,the Tormented,25,0.03610255598379702,0.009025638995949254
165564598,Core,the Underdog,15,0.5078806794247388,0.07618210191371082
171262902,Core,of the Ant,16,0,0
171262902,Core,of the Bull,20,0,0
171262902,Core,of the Octopus,15,0.7558141905538499,0.11337212858307749
171262902,Core,of the Raven,25,0.07284363588783337,0.01821090897195834
171262902,Core,the Accomplice,10,0.029786373847129708,0.002978637384712971
171262902,Core,the Decisive,20,0.0478557574847322,0.009571151496946439
171262902,Core,the Divine Thief,25,0.033966118670640505,0.008491529667660126
171262902,Core,the Even-Keeled,20,0,0
171262902,Core,the Flayed Twins Acolyte,15,0.21451069619433363,0.032176604429150046
171262902,Core,the Loquacious,10,0.1968713926903767,0.01968713926903767
171262902,Core,the Mule,20,0.04445504727356775,0.00889100945471355
171262902,Core,the Nothl Pilgrim,16,0,0
171262902,Core,the Pacifist,16,0.03262163712300577,0.005219461939680922
171262902,Core,the Patient,20,0,0
171262902,Core,the Tormented,25,0.024195336247171257,0.006048834061792813
171262902,Core,the Underdog,15,0.5231341355888712,0.07847012033833069
172099728,Core,of the Ant,16,0,0
172099728,Core,of the Bull,20,0.015088682036566041,0.0030177364073132084
172099728,Core,of the Octopus,15,0.8639507068305747,0.1295926060245862
172099728,Core,of the Raven,25,0.048043510326738745,0.012010877581684686
172099728,Core,the Accomplice,10,0,0
172099728,Core,the Decisive,20,0.031228819112633994,0.006245763822526799
172099728,Core,the Divine Thief,25,0.09607158855215772,0.02401789713803943
172099728,Core,the Even-Keeled,20,0,0
172099728,Core,the Flayed Twins Acolyte,15,0.16637105143625167,0.02495565771543775
172099728,Core,the Loquacious,10,0.10211379095280222,0.010211379095280223
172099728,Core,the Mule,20,0,0
172099728,Core,the Nothl Pilgrim,16,0.015088682036566041,0.0024141891258505667
172099728,Core,the Pacifist,16,0.027538251876179864,0.004406120300188779
172099728,Core,the Patient,20,0,0
172099728,Core,the Tormented,25,0.028379575973919467,0.0070948939934798675
172099728,Core,the Underdog,15,0.4130752048135484,0.06196128072203226
173978074,Mid,of the Ant,16,0,0
173978074,Mid,of the Bull,20,0,0
173978074,Mid,of the Octopus,15,0.8722612608502536,0.13083918912753803
173978074,Mid,of the Raven,25,0.0707440411899453,0.017686010297486326
173978074,Mid,the Accomplice,10,0.10823498928754331,0.010823498928754331
173978074,Mid,the Decisive,20,0.01456375436053016,0.002912750872106032
173978074,Mid,the Divine Thief,25,0.03959462744897002,0.009898656862242505
173978074,Mid,the Even-Keeled,20,0,0
173978074,Mid,the Flayed Twins Acolyte,15,0.11903078841449266,0.017854618262173896
173978074,Mid,the Loquacious,10,0.41201024531661035,0.04120102453166103
173978074,Mid,the Mule,20,0.04135438866892425,0.00827087773378485
173978074,Mid,the Nothl Pilgrim,16,0.13249299387581773,0.021198879020130835
173978074,Mid,the Pacifist,16,0.017330644826519408,0.0027729031722431054
173978074,Mid,the Patient,20,0,0
173978074,Mid,the Tormented,25,0.04964722642111267,0.012411806605278165
173978074,Mid,the Underdog,15,0.3727620625376547,0.0559143093806482
184620877,Core,of the Ant,16,0,0
184620877,Core,of the Bull,20,0.011871298189213394,0.002374259637842679
184620877,Core,of the Octopus,15,0.5780953891024553,0.0867143083653683
184620877,Core,of the Raven,25,0.05356465853521867,0.013391164633804666
184620877,Core,the Accomplice,10,0.052513551128997936,0.005251355112899794
184620877,Core,the Decisive,20,0.1110642294151505,0.022212845883030102
184620877,Core,the Divine Thief,25,0.02791471285848289,0.0069786782146207225
184620877,Core,the Even-Keeled,20,0,0
184620877,Core,the Flayed Twins Acolyte,15,0.18931158852176982,0.02839673827826547
184620877,Core,the Loquacious,10,0.38231708494986655,0.03823170849498665
184620877,Core,the Mule,20,0,0
184620877,Core,the Nothl Pilgrim,16,0.008777581780036637,0.001404413084805862
184620877,Core,the Pacifist,16,0.07126876749429598,0.011403002799087356
184620877,Core,the Patient,20,0,0
184620877,Core,the Tormented,25,0.06496758097229625,0.016241895243074064
184620877,Core,the Underdog,15,0.5316747822340375,0.07975121733510564
185908355,Core,of the Ant,16,0,0
185908355,Core,of the Bull,20,0,0
185908355,Core,of the Octopus,15,0.8198898336854265,0.12298347505281397
185908355,Core,of the Raven,25,0.05493081895322801,0.013732704738307002
185908355,Core,the Accomplice,10,0.04250442058727153,0.004250442058727153
185908355,Core,the Decisive,20,0.09739252219367459,0.019478504438734917
185908355,Core,the Divine Thief,25,0,0
185908355,Core,the Even-Keeled,20,0,0
185908355,Core,the Flayed Twins Acolyte,15,0.2768785183278972,0.04153177774918459
185908355,Core,the Loquacious,10,0.07019777057432007,0.0070197770574320075
185908355,Core,the Mule,20,0,0
185908355,Core,the Nothl Pilgrim,16,0,0
185908355,Core,the Pacifist,16,0.024840495680629387,0.003974479308900702
185908355,Core,the Patient,20,0,0
185908355,Core,the Tormented,25,0.032247337183882084,0.008061834295970521
185908355,Core,the Underdog,15,0.36355491901440884,0.054533237852161326
193815691,Support,of the Ant,16,0.03727276520604262,0.005963642432966819
193815691,Support,of the Bull,20,0.09590825383482447,0.019181650766964896
193815691,Support,of the Octopus,15,0.6399224194390692,0.0959883629158604
193815691,Support,of the Raven,25,0.03968680671574504,0.00992170167893626
193815691,Support,the Accomplice,10,0.21547718003542896,0.021547718003542896
193815691,Support,the Decisive,20,0.024385525353948247,0.00487710507078965
193815691,Support,the Divine Thief,25,0.0660601494083985,0.016515037352099624
193815691,Support,the Even-Keeled,20,0,0
193815691,Support,the Flayed Twins Acolyte,15,0.0961835369459921,0.014427530541898817
193815691,Support,the Loquacious,10,0,0
193815691,Support,the Mule,20,0,0
193815691,Support,the Nothl Pilgrim,16,0.04690860134000998,0.0075053762144015965
193815691,Support,the Pacifist,16,0.03805459786044829,0.006088735657671727
193815691,Support,the Patient,20,0,0
193815691,Support,the Tormented,25,0.1045505988495933,0.026137649712398323
193815691,Support,the Underdog,15,0.5282542805773697,0.07923814208660546
195108598,Core,of the Ant,16,0.014314903470588294,0.002290384555294127
195108598,Core,of the Bull,20,0.014314903470588294,0.002862980694117659
195108598,Core,of the Octopus,15,0.8375556933487052,0.12563335400230577
195108598,Core,of the Raven,25,0.048043510326738745,0.012010877581684686
195108598,Core,the Accomplice,10,0.09430010272920729,0.009430010272920729
195108598,Core,the Decisive,20,0.031228819112633994,0.006245763822526799
195108598,Core,the Divine Thief,25,0.09607158855215772,0.02401789713803943
195108598,Core,the Even-Keeled,20,0,0
195108598,Core,the Flayed Twins Acolyte,15,0.16637105143625167,0.02495565771543775
195108598,Core,the Loquacious,10,0.11403699054903445,0.011403699054903444
195108598,Core,the Mule,20,0.03857577665916289,0.007715155331832578
195108598,Core,the Nothl Pilgrim,16,0.012884354274316483,0.002061496683890637
195108598,Core,the Pacifist,16,0.04185315534676816,0.006696504855482906
195108598,Core,the Patient,20,0,0
195108598,Core,the Tormented,25,0.028379575973919467,0.0070948939934798675
195108598,Core,the Underdog,15,0.4130752048135484,0.06196128072203226
196878136,Support,of the Ant,16,0.17566766995100513,0.028106827192160823
196878136,Support,of the Bull,20,0.10999388544539974,0.02199877708907995
196878136,Support,of the Octopus,15,0.37184505696612047,0.05577675854491807
196878136,Support,of the Raven,25,0.07284363588783337,0.01821090897195834
196878136,Support,the Accomplice,10,0.32625100931889167,0.03262510093188917
196878136,Support,the Decisive,20,0.0478557574847322,0.009571151496946439
196878136,Support,the Divine Thief,25,0.033966118670640505,0.008491529667660126
196878136,Support,the Even-Keeled,20,0,0
196878136,Support,the Flayed Twins Acolyte,15,0.21451069619433363,0.032176604429150046
196878136,Support,the Loquacious,10,0,0
196878136,Support,the Mule,20,0.08477994070941752,0.016955988141883503
196878136,Support,the Nothl Pilgrim,16,0.07785180931669085,0.012456289490670536
196878136,Support,the Pacifist,16,0,0
196878136,Support,the Patient,20,0,0
196878136,Support,the Tormented,25,0.024195336247171257,0.006048834061792813
196878136,Support,the Underdog,15,0.5231341355888712,0.07847012033833069
201358612,Mid,of the Ant,16,0,0
201358612,Mid,of the Bull,20,0.011008227127446167,0.0022016454254892336
201358612,Mid,of the Octopus,15,0.9142221410498234,0.1371333211574735
201358612,Mid,of the Raven,25,0.007837970703953867,0.0019594926759884668
201358612,Mid,the Accomplice,10,0.038160173329717384,0.0038160173329717384
201358612,Mid,the Decisive,20,0.020354993125472707,0.004070998625094541
201358612,Mid,the Divine Thief,25,0.03736522295225043,0.009341305738062607
201358612,Mid,the Even-Keeled,20,0,0
201358612,Mid,the Flayed Twins Acolyte,15,0.26265533681923225,0.03939830052288484
201358612,Mid,the Loquacious,10,0,0
201358612,Mid,the Mule,20,0.04424424111045341,0.008848848222090682
201358612,Mid,the Nothl Pilgrim,16,0,0
201358612,Mid,the Pacifist,16,0.05450377488700856,0.00872060398192137
201358612,Mid,the Patient,20,0,0
201358612,Mid,the Tormented,25,0,0
201358612,Mid,the Underdog,15,0.3670140732564509,0.055052110988467635
221666230,Mid,of the Ant,16,0,0
221666230,Mid,of the Bull,20,0,0
221666230,Mid,of the Octopus,15,0.753102101197521,0.11296531517962814
221666230,Mid,of the Raven,25,0.009378964047329302,0.0023447410118323255
221666230,Mid,the Accomplice,10,0.05110778002934533,0.005110778002934533
221666230,Mid,the Decisive,20,0.1173391799961202,0.02346783599922404
221666230,Mid,the Divine Thief,25,0.02708978031299084,0.00677244507824771
221666230,Mid,the Even-Keeled,20,0,0
221666230,Mid,the Flayed Twins Acolyte,15,0.23386705076760908,0.03508005761514136
221666230,Mid,the Loquacious,10,0,0
221666230,Mid,the Mule,20,0.024405944656399094,0.004881188931279819
221666230,Mid,the Nothl Pilgrim,16,0.030390870954545627,0.0048625393527273
221666230,Mid,the Pacifist,16,0,0
221666230,Mid,the Patient,20,0,0
221666230,Mid,the Tormented,25,0.0296681059491163,0.007417026487279075
221666230,Mid,the Underdog,15,0.4155896116610858,0.06233844174916287
238239590,Mid,of the Ant,16,0,0
238239590,Mid,of the Bull,20,0.011871298189213394,0.002374259637842679
238239590,Mid,of the Octopus,15,0.8874491140211175,0.13311736710316763
238239590,Mid,of the Raven,25,0.05356465853521867,0.013391164633804666
238239590,Mid,the Accomplice,10,0,0
238239590,Mid,the Decisive,20,0.1110642294151505,0.022212845883030102
238239590,Mid,the Divine Thief,25,0.02791471285848289,0.0069786782146207225
238239590,Mid,the Even-Keeled,20,0,0
238239590,Mid,the Flayed Twins Acolyte,15,0.18931158852176982,0.02839673827826547
238239590,Mid,the Loquacious,10,0.0642951507095679,0.00642951507095679
238239590,Mid,the Mule,20,0.11359281003703486,0.022718562007406976
238239590,Mid,the Nothl Pilgrim,16,0.1414640606716437,0.02263424970746299
238239590,Mid,the Pacifist,16,0.007837970703953867,0.0012540753126326187
238239590,Mid,the Patient,20,0,0
238239590,Mid,the Tormented,25,0.06496758097229625,0.016241895243074064
238239590,Mid,the Underdog,15,0.5316747822340375,0.07975121733510564
256156323,Support,of the Ant,16,0.09551108801613932,0.015281774082582291
256156323,Support,of the Bull,20,0.08152915771200304,0.016305831542400607
256156323,Support,of the Octopus,15,0.5231843623861931,0.07847765435792897
256156323,Support,of the Raven,25,0.07864734622556917,0.019661836556392292
256156323,Support,the Accomplice,10,0.23539891388198683,0.023539891388198685
256156323,Support,the Decisive,20,0.010743022746064373,0.0021486045492128745
256156323,Support,the Divine Thief,25,0.02806110707381251,0.007015276768453127
256156323,Support,the Even-Keeled,20,0,0
256156323,Support,the Flayed Twins Acolyte,15,0.2031189771122362,0.03046784656683543
256156323,Support,the Loquacious,10,0.18929712117493572,0.018929712117493572
256156323,Support,the Mule,20,0.06948146500602626,0.013896293001205252
256156323,Support,the Nothl Pilgrim,16,0.17458784718763876,0.0279340555500222
256156323,Support,the Pacifist,16,0,0
256156323,Support,the Patient,20,0,0
256156323,Support,the Tormented,25,0.09009170832404455,0.022522927081011133
256156323,Support,the Underdog,15,0.12488849081478783,0.018733273622218174
292921272,Core,of the Ant,16,0,0
292921272,Core,of the Bull,20,0,0
292921272,Core,of the Octopus,15,0.7218804191460316,0.10828206287190474
292921272,Core,of the Raven,25,0.009916954099692643,0.002479238524923161
292921272,Core,the Accomplice,10,0.03923751379136668,0.003923751379136669
292921272,Core,the Decisive,20,0.0681535968096139,0.013630719361922781
292921272,Core,the Divine Thief,25,0.020375676291420144,0.005093919072855035
292921272,Core,the Even-Keeled,20,0,0
292921272,Core,the Flayed Twins Acolyte,15,0.15807323610654422,0.023710985415981635
292921272,Core,the Loquacious,10,0.13477180442074624,0.013477180442074623
292921272,Core,the Mule,20,0,0
292921272,Core,the Nothl Pilgrim,16,0.1001083305178459,0.016017332882855343
292921272,Core,the Pacifist,16,0.029008039253540202,0.004641286280566433
292921272,Core,the Patient,20,0,0
292921272,Core,the Tormented,25,0.04320637852707645,0.010801594631769112
292921272,Core,the Underdog,15,0.6634425904319365,0.09951638856479049
301750126,Mid,of the Ant,16,0,0
301750126,Mid,of the Bull,20,0,0
301750126,Mid,of the Octopus,15,0.8207118272117918,0.12310677408176877
301750126,Mid,of the Raven,25,0.03968680671574504,0.00992170167893626
301750126,Mid,the Accomplice,10,0.1220343063260365,0.01220343063260365
301750126,Mid,the Decisive,20,0.024385525353948247,0.00487710507078965
301750126,Mid,the Divine Thief,25,0.0660601494083985,0.016515037352099624
301750126,Mid,the Even-Keeled,20,0,0
301750126,Mid,the Flayed Twins Acolyte,15,0.0961835369459921,0.014427530541898817
301750126,Mid,the Loquacious,10,0.18175216872285652,0.01817521687228565
301750126,Mid,the Mule,20,0.0725268324850392,0.014505366497007842
301750126,Mid,the Nothl Pilgrim,16,0.024258144106729346,0.0038813030570766954
301750126,Mid,the Pacifist,16,0,0
301750126,Mid,the Patient,20,0,0
301750126,Mid,the Tormented,25,0.1045505988495933,0.026137649712398323
301750126,Mid,the Underdog,15,0.5282542805773697,0.07923814208660546
302214028,Core,of the Ant,16,0,0
302214028,Core,of the Bull,20,0,0
302214028,Core,of the Octopus,15,0.7062155953955648,0.10593233930933472
302214028,Core,of the Raven,25,0.07864734622556917,0.019661836556392292
302214028,Core,the Accomplice,10,0.07787186852036387,0.007787186852036387
302214028,Core,the Decisive,20,0.010743022746064373,0.0021486045492128745
302214028,Core,the Divine Thief,25,0.02806110707381251,0.007015276768453127
302214028,Core,the Even-Keeled,20,0.009916954099692643,0.0019833908199385288
302214028,Core,the Flayed Twins Acolyte,15,0.2031189771122362,0.03046784656683543
302214028,Core,the Loquacious,10,0.1655488111403214,0.016554881114032142
302214028,Core,the Mule,20,0,0
302214028,Core,the Nothl Pilgrim,16,0.041864485824897414,0.006698317731983586
302214028,Core,the Pacifist,16,0.025903390266906516,0.004144542442705043
302214028,Core,the Patient,20,0,0
302214028,Core,the Tormented,25,0.09009170832404455,0.022522927081011133
302214028,Core,the Underdog,15,0.12488849081478783,0.018733273622218174
317880638,Support,of the Ant,16,0.09741573174941211,0.015586517079905937
317880638,Support,of the Bull,20,0.043260754599905006,0.008652150919981
317880638,Support,of the Octopus,15,0.4954673087741134,0.07432009631611701
317880638,Support,of the Raven,25,0,0
317880638,Support,the Accomplice,10,0.2206399134561454,0.02206399134561454
317880638,Support,the Decisive,20,0,0
317880638,Support,the Divine Thief,25,0.02574613606644552,0.00643653401661138
317880638,Support,the Even-Keeled,20,0,0
317880638,Support,the Flayed Twins Acolyte,15,0.12964761999950877,0.019447142999926316
317880638,Support,the Loquacious,10,0,0
317880638,Support,the Mule,20,0.021215231419035578,0.004243046283807116
317880638,Support,the Nothl Pilgrim,16,0.09530342087626985,0.015248547340203176
317880638,Support,the Pacifist,16,0.14099408173866781,0.022559053078186852
317880638,Support,the Patient,20,0,0
317880638,Support,the Tormented,25,0.06904750955717064,0.01726187738929266
317880638,Support,the Underdog,15,0.3666397326542877,0.054995959898143154
320252024,Core,of the Ant,16,0,0
320252024,Core,of the Bull,20,0,0
320252024,Core,of the Octopus,15,0.6677575732667388,0.10016363599001082
320252024,Core,of the Raven,25,0.0707440411899453,0.017686010297486326
320252024,Core,the Accomplice,10,0,0
320252024,Core,the Decisive,20,0.01456375436053016,0.002912750872106032
320252024,Core,the Divine Thief,25,0.03959462744897002,0.009898656862242505
320252024,Core,the Even-Keeled,20,0,0
320252024,Core,the Flayed Twins Acolyte,15,0.11903078841449266,0.017854618262173896
320252024,Core,the Loquacious,10,0,0
320252024,Core,the Mule,20,0.038245727499579794,0.007649145499915959
320252024,Core,the Nothl Pilgrim,16,0.05086032320804682,0.00813765171328749
320252024,Core,the Pacifist,16,0.025305526513314462,0.004048884242130314
320252024,Core,the Patient,20,0,0
320252024,Core,the Tormented,25,0.04964722642111267,0.012411806605278165
320252024,Core,the Underdog,15,0.3727620625376547,0.0559143093806482
321580662,Core,of the Ant,16,0,0
321580662,Core,of the Bull,20,0,0
321580662,Core,of the Octopus,15,0.7597041039213142,0.11395561558819713
321580662,Core,of the Raven,25,0.07864734622556917,0.019661836556392292
321580662,Core,the Accomplice,10,0.009916954099692643,9.916954099692644e-4
321580662,Core,the Decisive,20,0.010743022746064373,0.0021486045492128745
321580662,Core,the Divine Thief,25,0.02806110707381251,0.007015276768453127
321580662,Core,the Even-Keeled,20,0,0
321580662,Core,the Flayed Twins Acolyte,15,0.2031189771122362,0.03046784656683543
321580662,Core,the Loquacious,10,0.04198290236471839,0.004198290236471839
321580662,Core,the Mule,20,0.052948678114565835,0.010589735622913168
321580662,Core,the Nothl Pilgrim,16,0,0
321580662,Core,the Pacifist,16,0.013121907609893175,0.002099505217582908
321580662,Core,the Patient,20,0,0
321580662,Core,the Tormented,25,0.09009170832404455,0.022522927081011133
321580662,Core,the Underdog,15,0.12488849081478783,0.018733273622218174
331855530,Core,of the Ant,16,0,0
331855530,Core,of the Bull,20,0.0059736374834462504,0.00119472749668925
331855530,Core,of the Octopus,15,0.8471704504188953,0.12707556756283428
331855530,Core,of the Raven,25,0,0
331855530,Core,the Accomplice,10,0.10436955592976102,0.010436955592976103
331855530,Core,the Decisive,20,0,0
331855530,Core,the Divine Thief,25,0.026549855611193413,0.006637463902798353
331855530,Core,the Even-Keeled,20,0.059775959141260056,0.011955191828252013
331855530,Core,the Flayed Twins Acolyte,15,0.13208460755480295,0.019812691133220442
331855530,Core,the Loquacious,10,0.07996770007373359,0.00799677000737336
331855530,Core,the Mule,20,0,0
331855530,Core,the Nothl Pilgrim,16,0.07970050179114929,0.012752080286583888
331855530,Core,the Pacifist,16,0.009602060962531444,0.001536329754005031
331855530,Core,the Patient,20,0,0
331855530,Core,the Tormented,25,0.06529248008500223,0.016323120021250557
331855530,Core,the Underdog,15,0.36318281506260075,0.05447742225939011
339235645,Core,of the Ant,16,0,0
339235645,Core,of the Bull,20,0.008119098734116276,0.0016238197468232552
339235645,Core,of the Octopus,15,0.8056578725146941,0.12084868087720413
339235645,Core,of the Raven,25,0.009916954099692643,0.002479238524923161
339235645,Core,the Accomplice,10,0,0
339235645,Core,the Decisive,20,0.0681535968096139,0.013630719361922781
339235645,Core,the Divine Thief,25,0.020375676291420144,0.005093919072855035
339235645,Core,the Even-Keeled,20,0,0
339235645,Core,the Flayed Twins Acolyte,15,0.15807323610654422,0.023710985415981635
339235645,Core,the Loquacious,10,0.05987923343169904,0.005987923343169904
339235645,Core,the Mule,20,0.019576630162344844,0.003915326032468969
339235645,Core,the Nothl Pilgrim,16,0.026960671502290454,0.004313707440366472
339235645,Core,the Pacifist,16,0,0
339235645,Core,the Patient,20,0,0
339235645,Core,the Tormented,25,0.04320637852707645,0.010801594631769112
339235645,Core,the Underdog,15,0.6634425904319365,0.09951638856479049
346412363,Support,of the Ant,16,0.12224522853071276,0.019559236564914043
346412363,Support,of the Bull,20,0.02749689814044158,0.005499379628088317
346412363,Support,of the Octopus,15,0.4807330833076939,0.07210996249615408
346412363,Support,of the Raven,25,0.05356465853521867,0.013391164633804666
346412363,Support,the Accomplice,10,0.19315216554662273,0.019315216554662274
346412363,Support,the Decisive,20,0.1110642294151505,0.022212845883030102
346412363,Support,the Divine Thief,25,0.02791471285848289,0.0069786782146207225
346412363,Support,the Even-Keeled,20,0,0
346412363,Support,the Flayed Twins Acolyte,15,0.18931158852176982,0.02839673827826547
346412363,Support,the Loquacious,10,0.4138918886670692,0.04138918886670692
346412363,Support,the Mule,20,0.08641755291253055,0.01728351058250611
346412363,Support,the Nothl Pilgrim,16,0.24018937580546545,0.038430300128874474
346412363,Support,the Pacifist,16,0.15940951553430516,0.025505522485488825
346412363,Support,the Patient,20,0,0
346412363,Support,the Tormented,25,0.06496758097229625,0.016241895243074064
346412363,Support,the Underdog,15,0.5316747822340375,0.07975121733510564
375507918,Core,of the Ant,16,0,0
375507918,Core,of the Bull,20,0,0
375507918,Core,of the Octopus,15,0.5893731733062817,0.08840597599594226
375507918,Core,of the Raven,25,0.03968680671574504,0.00992170167893626
375507918,Core,the Accomplice,10,0,0
375507918,Core,the Decisive,20,0.024385525353948247,0.00487710507078965
375507918,Core,the Divine Thief,25,0.0660601494083985,0.016515037352099624
375507918,Core,the Even-Keeled,20,0.055068849858739256,0.01101376997174785
375507918,Core,the Flayed Twins Acolyte,15,0.0961835369459921,0.014427530541898817
375507918,Core,the Loquacious,10,0.09902079948777386,0.009902079948777386
375507918,Core,the Mule,20,0.1253645303602596,0.025072906072051922
375507918,Core,the Nothl Pilgrim,16,0.011557088417893498,0.0018491341468629596
375507918,Core,the Pacifist,16,0,0
375507918,Core,the Patient,20,0,0
375507918,Core,the Tormented,25,0.1045505988495933,0.026137649712398323
375507918,Core,the Underdog,15,0.5282542805773697,0.07923814208660546
431770905,Support,of the Ant,16,0.2597533481700614,0.04156053570720983
431770905,Support,of the Bull,20,0.08023993337001273,0.016047986674002545
431770905,Support,of the Octopus,15,0.3493436665092882,0.052401549976393236
431770905,Support,of the Raven,25,0,0
431770905,Support,the Accomplice,10,0.40874207952340413,0.04087420795234041
431770905,Support,the Decisive,20,0,0
431770905,Support,the Divine Thief,25,0.02574613606644552,0.00643653401661138
431770905,Support,the Even-Keeled,20,0,0
431770905,Support,the Flayed Twins Acolyte,15,0.12964761999950877,0.019447142999926316
431770905,Support,the Loquacious,10,0,0
431770905,Support,the Mule,20,0.03117511168814435,0.006235022337628869
431770905,Support,the Nothl Pilgrim,16,0.24352697430349582,0.03896431588855933
431770905,Support,the Pacifist,16,0.09135555638625416,0.014616889021800665
431770905,Support,the Patient,20,0,0
431770905,Support,the Tormented,25,0.06904750955717064,0.01726187738929266
431770905,Support,the Underdog,15,0.3666397326542877,0.054995959898143154
480412663,Mid,of the Ant,16,0,0
480412663,Mid,of the Bull,20,0.008324095510199768,0.0016648191020399536
480412663,Mid,of the Octopus,15,0.8108949937613854,0.1216342490642078
480412663,Mid,of the Raven,25,0,0
480412663,Mid,the Accomplice,10,0.04834937026637251,0.004834937026637251
480412663,Mid,the Decisive,20,0,0
480412663,Mid,the Divine Thief,25,0.02574613606644552,0.00643653401661138
480412663,Mid,the Even-Keeled,20,0,0
480412663,Mid,the Flayed Twins Acolyte,15,0.12964761999950877,0.019447142999926316
480412663,Mid,the Loquacious,10,0,0
480412663,Mid,the Mule,20,0.030094117492667095,0.006018823498533419
480412663,Mid,the Nothl Pilgrim,16,0.010775136243155676,0.001724021798904908
480412663,Mid,the Pacifist,16,0,0
480412663,Mid,the Patient,20,0,0
480412663,Mid,the Tormented,25,0.06904750955717064,0.01726187738929266
480412663,Mid,the Underdog,15,0.3666397326542877,0.054995959898143154
858106446,Mid,of the Ant,16,0,0
858106446,Mid,of the Bull,20,0.02067523645733883,0.004135047291467766
858106446,Mid,of the Octopus,15,0.9145624751925755,0.13718437127888633
858106446,Mid,of the Raven,25,0.006350306351611704,0.001587576587902926
858106446,Mid,the Accomplice,10,0.08668505424848626,0.008668505424848627
858106446,Mid,the Decisive,20,0.0499548391084614,0.00999096782169228
858106446,Mid,the Divine Thief,25,0,0
858106446,Mid,the Even-Keeled,20,0.015904754586658895,0.003180950917331779
858106446,Mid,the Flayed Twins Acolyte,15,0.16256937123172788,0.02438540568475918
858106446,Mid,the Loquacious,10,0,0
858106446,Mid,the Mule,20,0.1262036081981689,0.025240721639633777
858106446,Mid,the Nothl Pilgrim,16,0.04720365653953989,0.0075525850463263825
858106446,Mid,the Pacifist,16,0,0
858106446,Mid,the Patient,20,0,0
858106446,Mid,the Tormented,25,0.03610255598379702,0.009025638995949254
858106446,Mid,the Underdog,15,0.5078806794247388,0.07618210191371082
